timestamp,posX,posY,yaw,roll,pitch,control_velocity,steering
2024_04_20_15_25_41_997,24.72812,-49.99825,6.267159,0.01125931,0.009233409,0.0722042733171697,0.0
2024_04_20_15_25_42_113,24.73692,-49.99805,6.265963,0.01048167,0.00897438,0.196743808063205,0.0
2024_04_20_15_25_42_230,24.75456,-49.99792,6.264524,0.008518387,0.008849693,0.3160084257946003,0.0
2024_04_20_15_25_42_347,24.77893,-49.99793,6.263303,0.006169479,0.008391477,0.3356503496503497,0.0
2024_04_20_15_25_42_464,24.80256,-49.998,6.262728,0.005311941,0.00724919,0.3356503496503497,0.0
2024_04_20_15_25_42_564,24.82131,-49.99833,6.262691,0.00584191,0.00592999,0.3356503496503497,0.0
2024_04_20_15_25_42_680,24.84213,-49.99875,6.262675,0.006128466,0.004672796,0.3356503496503497,0.0
2024_04_20_15_25_42_780,24.85981,-49.99886,6.26251,0.005669337,0.004281942,0.3356503496503497,0.0
2024_04_20_15_25_42_898,24.8807,-49.99892,6.262383,0.004754275,0.003950836,0.3356503496503497,0.0
2024_04_20_15_25_42_998,24.8989,-49.99903,6.262306,0.003880226,0.003919111,0.3356503496503497,0.0
2024_04_20_15_25_43_117,24.92109,-49.99909,6.26204,0.002637062,0.0040705,0.3356503496503497,0.0
2024_04_20_15_25_43_229,24.94211,-49.99933,6.262088,0.001966478,0.003759996,0.3356503496503497,0.0
2024_04_20_15_25_43_331,24.96015,-49.99985,6.262748,0.001998436,0.002156946,0.3356503496503497,0.0
2024_04_20_15_25_43_447,24.98092,-50.00053,6.264004,0.001976598,0.000225965,0.3356503496503497,0.03035355
2024_04_20_15_25_43_548,24.99876,-50.0009,6.266845,0.001462608,6.28221,0.3356503496503497,0.1138258
2024_04_20_15_25_43_663,25.01984,-50.00114,6.277157,0.0006093312,6.281138,0.3356503496503497,0.390802
2024_04_20_15_25_43_781,25.04025,-50.00108,0.01123428,6.283002,6.280006,0.3356503496503497,0.5122162
2024_04_20_15_25_43_897,25.05935,-50.00071,0.0294274,6.282299,6.278889,0.3356503496503497,0.5235988
2024_04_20_15_25_44_013,25.07825,-49.99986,0.04746552,6.281699,6.277835,0.3356503496503497,0.5235988
2024_04_20_15_25_44_131,25.09687,-49.99872,0.06521762,6.280948,6.277219,0.3356503496503497,0.5235988
2024_04_20_15_25_44_247,25.11536,-49.99692,0.08281898,6.279263,6.277301,0.3356503496503497,0.5235988
2024_04_20_15_25_44_364,25.13361,-49.99457,0.09964483,6.276931,6.277537,0.3356503496503497,0.5235988
2024_04_20_15_25_44_481,25.1517,-49.9918,0.1159215,6.274386,6.277532,0.3356503496503497,0.5235988
2024_04_20_15_25_44_598,25.16944,-49.98868,0.1313551,6.272033,6.277209,0.3356503496503497,0.5235988
2024_04_20_15_25_44_718,25.18722,-49.98529,0.1464435,6.270262,6.276355,0.3356503496503497,0.5235988
2024_04_20_15_25_44_830,25.20387,-49.98195,0.1602264,6.269045,6.275836,0.3356503496503497,0.5235988
2024_04_20_15_25_44_943,25.2217,-49.97852,0.1755625,6.268712,6.2755,0.3356503496503497,0.5235988
2024_04_20_15_25_45_045,25.23747,-49.97514,0.1888043,6.268912,6.275643,0.3356503496503497,0.5235988
2024_04_20_15_25_45_160,25.25464,-49.97109,0.2029398,6.268987,6.275897,0.3356503496503497,0.5235988
2024_04_20_15_25_45_263,25.26932,-49.9674,0.2150364,6.269011,6.276121,0.3356503496503497,0.5235988
2024_04_20_15_25_45_364,25.28389,-49.96342,0.2270371,6.268986,6.276219,0.3356503496503497,0.5235988
2024_04_20_15_25_45_463,25.29729,-49.95946,0.2374895,6.268547,6.275643,0.3356503496503497,0.5235988
2024_04_20_15_25_45_579,25.31145,-49.95506,0.2486114,6.268197,6.274725,0.3356503496503497,0.5235988
2024_04_20_15_25_45_681,25.32379,-49.95115,0.2580534,6.268688,6.273104,0.3356503496503497,0.5235988
2024_04_20_15_25_45_796,25.33918,-49.94613,0.269359,6.269833,6.270664,0.3356503496503497,0.5235988
2024_04_20_15_25_45_916,25.35573,-49.9403,0.2815696,6.269538,6.269486,0.3356503496503497,0.5235988
2024_04_20_15_25_46_030,25.37186,-49.93441,0.2936444,6.268826,6.268731,0.3356503496503497,0.5235988
2024_04_20_15_25_46_131,25.38658,-49.92887,0.3047173,6.268158,6.268699,0.3356503496503497,0.5235988
2024_04_20_15_25_46_246,25.40386,-49.92218,0.3178488,6.26721,6.268799,0.3356503496503497,0.5235988
2024_04_20_15_25_46_346,25.41932,-49.91604,0.3296557,6.266046,6.26892,0.3356503496503497,0.5235988
2024_04_20_15_25_46_462,25.43756,-49.9085,0.34374,6.264668,6.269057,0.3356503496503497,0.5235988
2024_04_20_15_25_46_563,25.45318,-49.90186,0.3559262,6.263488,6.269174,0.3356503496503497,0.5235988
2024_04_20_15_25_46_680,25.47145,-49.89373,0.3701426,6.262094,6.269321,0.3356503496503497,0.5235988
2024_04_20_15_25_46_796,25.48942,-49.88546,0.384226,6.260721,6.269456,0.3356503496503497,0.5235988
2024_04_20_15_25_46_911,25.5073,-49.87692,0.3983673,6.25934,6.269599,0.3356503496503497,0.5235988
2024_04_20_15_25_47_013,25.52282,-49.86922,0.4107074,6.258129,6.269727,0.3356503496503497,0.5235988
2024_04_20_15_25_47_129,25.54052,-49.86022,0.4249153,6.256742,6.269879,0.3356503496503497,0.5235988
2024_04_20_15_25_47_230,25.55585,-49.85205,0.4372959,6.25552,6.27002,0.3356503496503497,0.5235988
2024_04_20_15_25_47_330,25.57094,-49.84388,0.4495288,6.254313,6.270161,0.3356503496503497,0.5235988
2024_04_20_15_25_47_446,25.58833,-49.83402,0.4635456,6.252707,6.270283,0.3356503496503497,0.5235988
2024_04_20_15_25_47_562,25.606,-49.82346,0.4776007,6.25059,6.270689,0.3356503496503497,0.5235988
2024_04_20_15_25_47_662,25.62131,-49.81407,0.4903785,6.248618,6.271937,0.3356503496503497,0.5235988
2024_04_20_15_25_47_780,25.63957,-49.80246,0.5058659,6.246202,6.273503,0.3356503496503497,0.5235988
2024_04_20_15_25_47_897,25.65781,-49.79048,0.5214613,6.243961,6.275098,0.3356503496503497,0.5235988
2024_04_20_15_25_48_013,25.67555,-49.77824,0.5368741,6.24178,6.276012,0.3356503496503497,0.5235988
2024_04_20_15_25_48_115,25.69053,-49.76762,0.5500232,6.239974,6.276663,0.3356503496503497,0.5235988
2024_04_20_15_25_48_229,25.70743,-49.75529,0.5655084,6.237944,6.278335,0.3356503496503497,0.5235988
2024_04_20_15_25_48_330,25.72243,-49.74398,0.5795092,6.236064,6.279936,0.3356503496503497,0.5235988
2024_04_20_15_25_48_430,25.73752,-49.73231,0.5938583,6.23416,6.281576,0.3356503496503497,0.5235988
2024_04_20_15_25_48_547,25.75513,-49.7182,0.6106793,6.23191,0.0003487207,0.3356503496503497,0.5235988
2024_04_20_15_25_48_664,25.77253,-49.70414,0.6281667,6.230399,0.002493445,0.3356503496503497,0.5235988
2024_04_20_15_25_48_780,25.78873,-49.69092,0.645954,6.229618,0.004396342,0.3356503496503497,0.5235988
2024_04_20_15_25_48_880,25.80206,-49.67959,0.6608006,6.228716,0.006203562,0.3356503496503497,0.5235988
2024_04_20_15_25_48_998,25.81749,-49.66608,0.678223,6.227745,0.008258275,0.3356503496503497,0.5235988
2024_04_20_15_25_49_112,25.83254,-49.65282,0.6957338,6.227628,0.01001626,0.3356503496503497,0.5235988
2024_04_20_15_25_49_226,25.8481,-49.63887,0.7147317,6.228296,0.01295523,0.3356503496503497,0.5235988
2024_04_20_15_25_49_327,25.86187,-49.6261,0.7319906,6.228749,0.01541792,0.3356503496503497,0.5235988
2024_04_20_15_25_49_429,25.87553,-49.61319,0.7496639,6.229672,0.01741599,0.3356503496503497,0.5235988
2024_04_20_15_25_49_546,25.89054,-49.59852,0.7697058,6.2303,0.01950159,0.3356503496503497,0.5235988
2024_04_20_15_25_49_663,25.90493,-49.584,0.7898228,6.230389,0.02033121,0.3356503496503497,0.5235988
2024_04_20_15_25_49_779,25.91897,-49.56944,0.8098332,6.230792,0.0214373,0.3356503496503497,0.5235988
2024_04_20_15_25_49_879,25.93074,-49.55676,0.8269211,6.231152,0.02241682,0.3356503496503497,0.5235988
2024_04_20_15_25_49_993,25.94394,-49.54204,0.8465843,6.231415,0.02340846,0.3356503496503497,0.5235988
2024_04_20_15_25_50_094,25.95525,-49.52874,0.8638937,6.231323,0.02387764,0.3356503496503497,0.5235988
2024_04_20_15_25_50_196,25.96646,-49.51515,0.8814344,6.231605,0.0240431,0.3356503496503497,0.5235988
2024_04_20_15_25_50_297,25.97726,-49.50103,0.8983817,6.231477,0.02537308,0.3356503496503497,0.5235988
2024_04_20_15_25_50_414,25.98935,-49.48457,0.9177871,6.231252,0.02733204,0.3356503496503497,0.5235988
2024_04_20_15_25_50_530,26.00105,-49.46788,0.9370625,6.23121,0.02937822,0.3356503496503497,0.5235988
2024_04_20_15_25_50_630,26.01078,-49.45358,0.9532732,6.231326,0.03054002,0.3356503496503497,0.5235988
2024_04_20_15_25_50_746,26.02264,-49.43567,0.9738461,6.233235,0.02967318,0.3356503496503497,0.5235988
2024_04_20_15_25_50_846,26.03337,-49.41883,0.9930145,6.23534,0.02870906,0.3356503496503497,0.5235988
2024_04_20_15_25_50_947,26.04406,-49.40161,1.012533,6.237905,0.02738448,0.3356503496503497,0.5235988
2024_04_20_15_25_51_047,26.05404,-49.38471,1.031217,6.240222,0.02681656,0.3356503496503497,0.5235988
2024_04_20_15_25_51_163,26.06502,-49.36515,1.052322,6.243097,0.02639169,0.3356503496503497,0.5235988
2024_04_20_15_25_51_264,26.07432,-49.34807,1.0707,6.245766,0.02607757,0.3356503496503497,0.5235988
2024_04_20_15_25_51_381,26.08463,-49.32844,1.091839,6.248107,0.02627959,0.3356503496503497,0.5235988
2024_04_20_15_25_51_480,26.09324,-49.31098,1.110073,6.249416,0.02713674,0.3356503496503497,0.5235988
2024_04_20_15_25_51_580,26.10169,-49.29319,1.128505,6.250887,0.02847502,0.3356503496503497,0.5235988
2024_04_20_15_25_51_695,26.11075,-49.27276,1.149305,6.251976,0.03127055,0.3356503496503497,0.5235988
2024_04_20_15_25_51_796,26.11802,-49.25536,1.166887,6.252942,0.03357759,0.3356503496503497,0.5235988
2024_04_20_15_25_51_915,26.12618,-49.23455,1.18766,6.254144,0.03620443,0.3356503496503497,0.5235988
2024_04_20_15_25_52_028,26.13375,-49.21446,1.208171,6.254836,0.03770931,0.3356503496503497,0.5235988
2024_04_20_15_25_52_130,26.14042,-49.19587,1.227143,6.256049,0.03868858,0.3356503496503497,0.5235988
2024_04_20_15_25_52_246,26.14781,-49.17403,1.249264,6.25762,0.03996939,0.3356503496503497,0.5235988
2024_04_20_15_25_52_363,26.15483,-49.15155,1.271728,6.259512,0.04148395,0.3356503496503497,0.5235988
2024_04_20_15_25_52_478,26.16137,-49.12906,1.294241,6.261509,0.04303525,0.3356503496503497,0.5235988
2024_04_20_15_25_52_580,26.16666,-49.10905,1.314006,6.263181,0.04427111,0.3356503496503497,0.5235988
2024_04_20_15_25_52_695,26.17228,-49.08605,1.336775,6.264855,0.04573442,0.3356503496503497,0.5235988
2024_04_20_15_25_52_798,26.17665,-49.06647,1.35615,6.265829,0.04710564,0.3356503496503497,0.5235988
2024_04_20_15_25_52_897,26.18067,-49.04703,1.375431,6.267126,0.04793668,0.3356503496503497,0.5235988
2024_04_20_15_25_53_008,26.18497,-49.02418,1.398166,6.268914,0.04875963,0.3356503496503497,0.5235988
2024_04_20_15_25_53_112,26.18839,-49.00351,1.418862,6.270227,0.04879995,0.3356503496503497,0.5235988
2024_04_20_15_25_53_212,26.19132,-48.98349,1.438885,6.271757,0.04870303,0.3356503496503497,0.5235988
2024_04_20_15_25_53_313,26.1937,-48.96387,1.458176,6.272855,0.05023141,0.3356503496503497,0.5235988
2024_04_20_15_25_53_429,26.19594,-48.94081,1.480793,6.273766,0.05191029,0.3356503496503497,0.5235988
2024_04_20_15_25_53_529,26.19761,-48.91861,1.503516,6.273185,0.05197319,0.3356503496503497,0.5235988
2024_04_20_15_25_53_646,26.19931,-48.89009,1.531905,6.274681,0.05137256,0.3356503496503497,0.5235988
2024_04_20_15_25_53_746,26.20028,-48.86456,1.557612,6.276825,0.05019377,0.3356503496503497,0.5235988
2024_04_20_15_25_53_863,26.20075,-48.83458,1.58782,6.280232,0.04949954,0.3356503496503497,0.5235988
2024_04_20_15_25_53_976,26.20024,-48.80539,1.617119,6.282329,0.0502706,0.3356503496503497,0.5235988
2024_04_20_15_25_54_080,26.19902,-48.77945,1.643075,0.0007643272,0.05129955,0.3356503496503497,0.5235988
2024_04_20_15_25_54_197,26.19682,-48.74962,1.672941,0.003024286,0.05237333,0.3356503496503497,0.5235988
2024_04_20_15_25_54_313,26.194,-48.71841,1.704683,0.008608402,0.053002,0.3356503496503497,0.5235988
2024_04_20_15_25_54_430,26.18985,-48.68549,1.738381,0.01372913,0.05295539,0.3356503496503497,0.5235988
2024_04_20_15_25_54_530,26.1853,-48.65751,1.767286,0.01630494,0.05214548,0.3356503496503497,0.5235988
2024_04_20_15_25_54_648,26.179,-48.62562,1.79997,0.01941125,0.05053756,0.3356503496503497,0.5235988
2024_04_20_15_25_54_763,26.17308,-48.60008,1.825791,0.02092872,0.04960278,0.3356503496503497,0.5235988
2024_04_20_15_25_54_881,26.1674,-48.5772,1.849425,0.02281583,0.04714163,0.3356503496503497,0.5235988
2024_04_20_15_25_54_999,26.16147,-48.55488,1.872671,0.02513012,0.04437452,0.3356503496503497,0.5235988
2024_04_20_15_25_55_113,26.15503,-48.53314,1.895268,0.02778849,0.04082658,0.3356503496503497,0.5235988
2024_04_20_15_25_55_229,26.14803,-48.51076,1.918432,0.0311185,0.03859266,0.3356503496503497,0.5235988
2024_04_20_15_25_55_346,26.14071,-48.48974,1.940167,0.03361335,0.03760754,0.3356503496503497,0.5235988
2024_04_20_15_25_55_461,26.13332,-48.46961,1.961193,0.03605068,0.03668598,0.3356503496503497,0.5235988
2024_04_20_15_25_55_562,26.12654,-48.45242,1.979461,0.03724378,0.03581372,0.3356503496503497,0.5235988
2024_04_20_15_25_55_663,26.11938,-48.43544,1.997586,0.03808001,0.03505826,0.3356503496503497,0.5235988
2024_04_20_15_25_55_779,26.11095,-48.41677,2.017157,0.0383378,0.0347875,0.3356503496503497,0.5235988
2024_04_20_15_25_55_879,26.1035,-48.40107,2.033805,0.03853647,0.03457689,0.3356503496503497,0.5235988
2024_04_20_15_25_55_979,26.09583,-48.38557,2.050392,0.03878734,0.03441971,0.3356503496503497,0.5235988
2024_04_20_15_25_56_079,26.08824,-48.37048,2.066853,0.03971466,0.03401688,0.3356503496503497,0.5235988
2024_04_20_15_25_56_180,26.08056,-48.35569,2.083254,0.04079217,0.03304441,0.3356503496503497,0.5235988
2024_04_20_15_25_56_279,26.07232,-48.3401,2.095582,0.04223081,0.03168802,0.3356503496503497,0.0
2024_04_20_15_25_56_380,26.06283,-48.32207,2.096761,0.04407478,0.02975413,0.3356503496503497,0.0
2024_04_20_15_25_56_480,26.05213,-48.30244,2.097527,0.04480449,0.02768988,0.3356503496503497,0.0
2024_04_20_15_25_56_596,26.039,-48.27882,2.098011,0.04604659,0.02521876,0.3356503496503497,0.0
2024_04_20_15_25_56_713,26.02648,-48.25652,2.09827,0.04610198,0.02484888,0.3356503496503497,0.0
2024_04_20_15_25_56_830,26.01456,-48.23518,2.098677,0.04665272,0.02535383,0.3356503496503497,0.0
2024_04_20_15_25_56_947,26.003,-48.21421,2.099138,0.04722743,0.02575366,0.3356503496503497,0.0
2024_04_20_15_25_57_063,25.99108,-48.19295,2.099666,0.04773184,0.02460568,0.3356503496503497,0.0
2024_04_20_15_25_57_179,25.97858,-48.17098,2.099972,0.04742397,0.02271758,0.3356503496503497,0.0
2024_04_20_15_25_57_281,25.9679,-48.15218,2.100155,0.04701545,0.02126078,0.3356503496503497,0.0
2024_04_20_15_25_57_395,25.95641,-48.13215,2.100226,0.0458314,0.02167367,0.3356503496503497,0.0
2024_04_20_15_25_57_495,25.94722,-48.11578,2.100507,0.04552727,0.02154724,0.3356503496503497,0.0
2024_04_20_15_25_57_606,25.9376,-48.09858,2.10099,0.04511874,0.02113586,0.3356503496503497,0.0
2024_04_20_15_25_57_706,25.92928,-48.08357,2.101996,0.04473738,0.02007662,0.3356503496503497,0.0
2024_04_20_15_25_57_807,25.92082,-48.06793,2.103205,0.04542767,0.01884344,0.3356503496503497,0.0
2024_04_20_15_25_57_910,25.9112,-48.05008,2.104415,0.04658401,0.01812892,0.3356503496503497,0.0
2024_04_20_15_25_58_024,25.89969,-48.02897,2.105616,0.04804556,0.01761517,0.3356503496503497,0.0
2024_04_20_15_25_58_125,25.88943,-48.01036,2.106475,0.04858245,0.01777652,0.3356503496503497,0.0
2024_04_20_15_25_58_229,25.87935,-47.99218,2.107344,0.04900696,0.01778412,0.3356503496503497,0.0
2024_04_20_15_25_58_346,25.86768,-47.97111,2.108341,0.04946502,0.01774659,0.3356503496503497,0.0
2024_04_20_15_25_58_446,25.8577,-47.95313,2.109144,0.04962162,0.0174907,0.3356503496503497,0.0
2024_04_20_15_25_58_546,25.84758,-47.93527,2.109758,0.04975903,0.01685427,0.3356503496503497,0.0
2024_04_20_15_25_58_663,25.83563,-47.91445,2.11014,0.04974731,0.01587167,0.3356503496503497,0.0
2024_04_20_15_25_58_779,25.82384,-47.89397,2.110265,0.04941176,0.01460308,0.3356503496503497,0.0
2024_04_20_15_25_58_881,25.81366,-47.87582,2.110616,0.05035984,0.0151381,0.3356503496503497,0.0
2024_04_20_15_25_58_994,25.80234,-47.85519,2.111267,0.052166,0.01538894,0.3356503496503497,0.0
2024_04_20_15_25_59_096,25.79219,-47.83718,2.111818,0.05301395,0.0158659,0.3356503496503497,0.0
2024_04_20_15_25_59_196,25.78221,-47.81978,2.112113,0.052623,0.01595532,0.3356503496503497,0.0
2024_04_20_15_25_59_296,25.77216,-47.80251,2.112313,0.05188264,0.01571628,0.3356503496503497,0.0
2024_04_20_15_25_59_412,25.76088,-47.78318,2.112401,0.05113269,0.01590113,0.3356503496503497,0.0
2024_04_20_15_25_59_513,25.75075,-47.76573,2.112383,0.0508472,0.01569763,0.3356503496503497,0.0
2024_04_20_15_25_59_628,25.73883,-47.74509,2.112334,0.05109647,0.01592802,0.3356503496503497,0.0
2024_04_20_15_25_59_728,25.72836,-47.7272,2.112171,0.05127544,0.01611733,0.3356503496503497,0.0
2024_04_20_15_25_59_828,25.7178,-47.70919,2.111894,0.05101871,0.01674069,0.3356503496503497,0.0
2024_04_20_15_25_59_945,25.70597,-47.68916,2.111263,0.05004026,0.01707369,0.3356503496503497,0.0
2024_04_20_15_26_00_062,25.69497,-47.67013,2.110588,0.05000192,0.01615485,0.3356503496503497,0.0
2024_04_20_15_26_00_179,25.68436,-47.65183,2.109845,0.04956356,0.01481463,0.3356503496503497,0.0
2024_04_20_15_26_00_295,25.67428,-47.63406,2.109478,0.04996569,0.01429162,0.3356503496503497,0.0
2024_04_20_15_26_00_411,25.66472,-47.61664,2.1095,0.05141339,0.01372406,0.3356503496503497,0.0
2024_04_20_15_26_00_525,25.65553,-47.5997,2.109591,0.05291275,0.01306919,0.3356503496503497,0.0
2024_04_20_15_26_00_629,25.64743,-47.5849,2.109698,0.05419746,0.01228987,0.3356503496503497,0.0
2024_04_20_15_26_00_745,25.63783,-47.56753,2.109571,0.05484993,0.009938216,0.3356503496503497,0.0
2024_04_20_15_26_00_845,25.62938,-47.55237,2.109385,0.05521798,0.007712719,0.3356503496503497,0.0
2024_04_20_15_26_00_946,25.62101,-47.53736,2.109212,0.05558337,0.005508749,0.3356503496503497,0.0
2024_04_20_15_26_01_062,25.61131,-47.51994,2.109022,0.05600841,0.002952293,0.3356503496503497,0.0
2024_04_20_15_26_01_163,25.60284,-47.50459,2.109151,0.05671574,0.001253659,0.3356503496503497,0.0
2024_04_20_15_26_01_281,25.59279,-47.48639,2.109421,0.05745823,6.282796,0.3356503496503497,0.0
2024_04_20_15_26_01_395,25.58296,-47.46874,2.109634,0.05769366,6.281313,0.3356503496503497,0.0
2024_04_20_15_26_01_496,25.5746,-47.45374,2.109882,0.05774532,6.279891,0.3356503496503497,0.0
2024_04_20_15_26_01_596,25.5664,-47.43879,2.110321,0.05830831,6.278945,0.3356503496503497,0.0
2024_04_20_15_26_01_695,25.55859,-47.42427,2.111309,0.05864281,6.278172,0.3356503496503497,0.0
2024_04_20_15_26_01_796,25.55103,-47.41033,2.112385,0.05845372,6.276899,0.3356503496503497,0.0
2024_04_20_15_26_01_912,25.54145,-47.39273,2.113666,0.05917278,6.274205,0.3356503496503497,0.0
2024_04_20_15_26_02_029,25.53075,-47.37368,2.114035,0.05953816,6.27217,0.3356503496503497,0.0
2024_04_20_15_26_02_145,25.51986,-47.35432,2.114434,0.06015761,6.270323,0.3356503496503497,0.0
2024_04_20_15_26_02_246,25.51052,-47.338,2.11462,0.06009476,6.269227,0.3356503496503497,0.0
2024_04_20_15_26_02_347,25.50138,-47.32201,2.114813,0.06001646,6.268729,0.3356503496503497,0.0
2024_04_20_15_26_02_462,25.49124,-47.30394,2.115745,0.05999622,6.267163,0.3356503496503497,0.0
2024_04_20_15_26_02_578,25.48142,-47.28682,2.11648,0.05940447,6.265515,0.3356503496503497,0.0
2024_04_20_15_26_02_696,25.4711,-47.26852,2.117504,0.0593805,6.263026,0.3356503496503497,0.0
2024_04_20_15_26_02_795,25.46206,-47.25241,2.118364,0.05914668,6.261127,0.3356503496503497,0.0
2024_04_20_15_26_02_913,25.45148,-47.2338,2.119357,0.05879567,6.258874,0.3356503496503497,0.0
2024_04_20_15_26_03_030,25.44066,-47.21506,2.120226,0.05630136,6.255461,0.3356503496503497,0.0
2024_04_20_15_26_03_146,25.42966,-47.19594,2.121091,0.05432689,6.253046,0.3356503496503497,0.0
2024_04_20_15_26_03_261,25.41879,-47.17702,2.121843,0.05316309,6.252759,0.3356503496503497,0.0
2024_04_20_15_26_03_362,25.40928,-47.1602,2.122708,0.05318652,6.25303,0.3356503496503497,0.0
2024_04_20_15_26_03_476,25.39805,-47.13987,2.124218,0.05495859,6.254073,0.3356503496503497,0.0
2024_04_20_15_26_03_597,25.38641,-47.11837,2.126001,0.05779326,6.255129,0.3356503496503497,0.0
2024_04_20_15_26_03_715,25.37517,-47.09808,2.127309,0.05988757,6.255903,0.3356503496503497,0.0
2024_04_20_15_26_03_827,25.36463,-47.07912,2.128192,0.06043139,6.257198,0.3356503496503497,0.0
2024_04_20_15_26_03_929,25.35576,-47.06324,2.12876,0.0607515,6.25858,0.3356503496503497,0.0
2024_04_20_15_26_04_045,25.34521,-47.04447,2.129451,0.06121595,6.261121,0.3356503496503497,0.0
2024_04_20_15_26_04_146,25.33567,-47.02732,2.130395,0.06264554,6.263333,0.3356503496503497,0.0
2024_04_20_15_26_04_262,25.32413,-47.0065,2.131582,0.06456567,6.266159,0.3356503496503497,0.0
2024_04_20_15_26_04_362,25.31424,-46.9891,2.132527,0.0651079,6.26645,0.3356503496503497,0.0
2024_04_20_15_26_04_479,25.30364,-46.97025,2.133827,0.06614919,6.266202,0.3356503496503497,0.0
2024_04_20_15_26_04_594,25.29287,-46.95097,2.135336,0.06810129,6.266051,0.3356503496503497,0.0
2024_04_20_15_26_04_705,25.28231,-46.93209,2.136839,0.07002249,6.265944,0.3356503496503497,0.0
2024_04_20_15_26_04_813,25.27215,-46.91422,2.138131,0.07100414,6.26533,0.3356503496503497,0.0
2024_04_20_15_26_04_913,25.26277,-46.89817,2.138937,0.0706004,6.264541,0.3356503496503497,0.0
2024_04_20_15_26_05_029,25.25231,-46.88026,2.139891,0.07014127,6.263609,0.3356503496503497,0.0
2024_04_20_15_26_05_146,25.24113,-46.86151,2.140499,0.06964593,6.265216,0.3356503496503497,0.0
2024_04_20_15_26_05_262,25.2291,-46.8411,2.141651,0.07042463,6.267074,0.3356503496503497,0.0
2024_04_20_15_26_05_362,25.21845,-46.82366,2.141824,0.06999107,6.267547,0.3356503496503497,0.0
2024_04_20_15_26_05_479,25.20715,-46.80484,2.142072,0.07032184,6.267716,0.3356503496503497,0.0
2024_04_20_15_26_05_591,25.19676,-46.78727,2.142351,0.0710787,6.26791,0.3356503496503497,0.0
2024_04_20_15_26_05_704,25.18679,-46.77028,2.142802,0.07255516,6.268789,0.3356503496503497,0.0
2024_04_20_15_26_05_812,25.17722,-46.75401,2.143252,0.07375997,6.269454,0.3356503496503497,0.0
2024_04_20_15_26_05_929,25.16682,-46.73634,2.14368,0.07469634,6.269835,0.3356503496503497,0.0
2024_04_20_15_26_06_043,25.15669,-46.71935,2.143806,0.07498663,6.270817,0.3356503496503497,0.0
2024_04_20_15_26_06_146,25.14825,-46.70535,2.143704,0.07467237,6.271162,0.3356503496503497,0.0
2024_04_20_15_26_06_263,25.1386,-46.68948,2.143737,0.07399806,6.271024,0.3356503496503497,0.0
2024_04_20_15_26_06_379,25.12877,-46.67337,2.143674,0.07331257,6.271515,0.3356503496503497,0.0
2024_04_20_15_26_06_479,25.11992,-46.65877,2.143742,0.07324225,6.271412,0.3356503496503497,0.0
2024_04_20_15_26_06_597,25.10929,-46.64127,2.143782,0.07341643,6.271598,0.3356503496503497,0.0
2024_04_20_15_26_06_704,25.09961,-46.62494,2.143869,0.07417063,6.27161,0.3356503496503497,0.0
2024_04_20_15_26_06_813,25.09057,-46.60983,2.143829,0.07475121,6.271333,0.3356503496503497,0.0
2024_04_20_15_26_06_928,25.08047,-46.59286,2.143845,0.07582499,6.270989,0.3356503496503497,0.0
2024_04_20_15_26_07_029,25.07126,-46.57767,2.143517,0.07651208,6.270352,0.3356503496503497,0.0
2024_04_20_15_26_07_146,25.05977,-46.55916,2.142835,0.07649238,6.269908,0.3356503496503497,0.0
2024_04_20_15_26_07_261,25.04811,-46.54042,2.142009,0.07586867,6.270096,0.3356503496503497,0.0
2024_04_20_15_26_07_361,25.03837,-46.52489,2.141063,0.07495147,6.270353,0.3356503496503497,0.0
2024_04_20_15_26_07_462,25.02979,-46.51065,2.140593,0.07492111,6.270766,0.3356503496503497,0.0
2024_04_20_15_26_07_562,25.02191,-46.49739,2.139935,0.07532272,6.270742,0.3356503496503497,0.0
2024_04_20_15_26_07_678,25.01332,-46.4829,2.13894,0.07579783,6.2707,0.3356503496503497,0.0
2024_04_20_15_26_07_777,25.00616,-46.47058,2.138437,0.07655363,6.271085,0.3356503496503497,0.0
2024_04_20_15_26_07_880,24.99828,-46.45677,2.138544,0.07777229,6.272121,0.3356503496503497,0.0
2024_04_20_15_26_07_980,24.98994,-46.44213,2.138658,0.07927698,6.273067,0.3356503496503497,0.0
2024_04_20_15_26_08_104,24.97935,-46.42356,2.13886,0.08088073,6.274541,0.3356503496503497,0.0
2024_04_20_15_26_08_210,24.97051,-46.40811,2.13902,0.08201897,6.275532,0.3356503496503497,0.0
2024_04_20_15_26_08_311,24.96154,-46.39329,2.138341,0.08173455,6.275571,0.3356503496503497,0.0
2024_04_20_15_26_08_412,24.952,-46.37783,2.137426,0.08098673,6.275491,0.3356503496503497,0.0
2024_04_20_15_26_08_529,24.94061,-46.35939,2.136379,0.07972545,6.275796,0.3356503496503497,0.0
2024_04_20_15_26_08_645,24.92964,-46.34156,2.135534,0.07829481,6.276477,0.3356503496503497,0.0
2024_04_20_15_26_08_762,24.91919,-46.32416,2.135063,0.07733447,6.277802,0.3356503496503497,0.0
2024_04_20_15_26_08_879,24.90875,-46.30667,2.134735,0.07660104,6.278852,0.3356503496503497,0.0
2024_04_20_15_26_08_979,24.89975,-46.29144,2.134437,0.07639491,6.278922,0.3356503496503497,0.0
2024_04_20_15_26_09_104,24.88805,-46.27128,2.134821,0.07746124,6.280027,0.3356503496503497,0.0
2024_04_20_15_26_09_212,24.87799,-46.25399,2.134981,0.07797895,6.281119,0.3356503496503497,0.0
2024_04_20_15_26_09_324,24.86716,-46.23547,2.135494,0.07839068,6.282692,0.3356503496503497,0.01517678
2024_04_20_15_26_09_428,24.85792,-46.21986,2.136732,0.07803807,0.0005522445,0.3356503496503497,0.06070711
2024_04_20_15_26_09_529,24.84899,-46.20545,2.138499,0.07656428,0.0004629121,0.3356503496503497,0.1290026
2024_04_20_15_26_09_644,24.83905,-46.1895,2.141753,0.07532218,6.282989,0.3356503496503497,0.1631503
2024_04_20_15_26_09_761,24.82917,-46.17407,2.145619,0.07381643,6.282523,0.3356503496503497,0.2086807
2024_04_20_15_26_09_880,24.81952,-46.15924,2.149683,0.07234956,6.282019,0.3356503496503497,0.2314458
2024_04_20_15_26_09_996,24.81085,-46.1457,2.154617,0.07161666,6.28168,0.3356503496503497,0.2466226
2024_04_20_15_26_10_103,24.8032,-46.13385,2.158885,0.07114635,6.281052,0.3356503496503497,0.2580052
2024_04_20_15_26_10_212,24.79533,-46.12155,2.164519,0.07093756,6.280664,0.3356503496503497,0.2769762
2024_04_20_15_26_10_329,24.7864,-46.10817,2.170573,0.07053542,6.279609,0.3356503496503497,0.2845646
2024_04_20_15_26_10_445,24.77803,-46.0957,2.1768,0.07034261,6.278386,0.3356503496503497,0.3073297
2024_04_20_15_26_10_562,24.7688,-46.08212,2.182448,0.07104408,6.275707,0.3356503496503497,0.3073297
2024_04_20_15_26_10_679,24.75791,-46.06691,2.188468,0.07004061,6.274331,0.3356503496503497,0.3073297
2024_04_20_15_26_10_779,24.74794,-46.05347,2.193938,0.0679692,6.274206,0.3356503496503497,0.3073297
2024_04_20_15_26_10_879,24.73768,-46.03974,2.199539,0.06574439,6.274166,0.3356503496503497,0.3073297
2024_04_20_15_26_10_996,24.72638,-46.02419,2.208116,0.0643196,6.274111,0.3356503496503497,0.3073297
2024_04_20_15_26_11_102,24.71617,-46.01059,2.215451,0.06370921,6.272913,0.3356503496503497,0.3073297
2024_04_20_15_26_11_212,24.70647,-45.9977,2.221027,0.06509405,6.269144,0.3356503496503497,0.3073297
2024_04_20_15_26_11_329,24.69516,-45.9827,2.22748,0.06619713,6.266229,0.3356503496503497,0.3073297
2024_04_20_15_26_11_445,24.68347,-45.96754,2.234152,0.06667969,6.26406,0.3356503496503497,0.3073297
2024_04_20_15_26_11_546,24.67374,-45.95496,2.240025,0.06718143,6.262952,0.3356503496503497,0.3073297
2024_04_20_15_26_11_662,24.66294,-45.9411,2.24648,0.06779183,6.261619,0.3356503496503497,0.3073297
2024_04_20_15_26_11_762,24.65347,-45.929,2.252936,0.06835482,6.261406,0.3356503496503497,0.3073297
2024_04_20_15_26_11_863,24.64322,-45.91615,2.260002,0.06843419,6.261391,0.3356503496503497,0.3073297
2024_04_20_15_26_11_974,24.63101,-45.90106,2.268747,0.06830582,6.261436,0.3356503496503497,0.3338891
2024_04_20_15_26_12_103,24.61681,-45.88403,2.279163,0.06804323,6.261925,0.3356503496503497,0.3452717
2024_04_20_15_26_12_211,24.60427,-45.86962,2.287706,0.06788238,6.261373,0.3356503496503497,0.3452717
2024_04_20_15_26_12_312,24.59291,-45.85674,2.29484,0.06854284,6.258304,0.3356503496503497,0.3452717
2024_04_20_15_26_12_428,24.5801,-45.84243,2.303577,0.0689045,6.256159,0.3356503496503497,0.3452717
2024_04_20_15_26_12_529,24.56777,-45.8292,2.31156,0.06820462,6.254678,0.3356503496503497,0.3452717
2024_04_20_15_26_12_645,24.55322,-45.81446,2.320419,0.06446927,6.255886,0.3356503496503497,0.3452717
2024_04_20_15_26_12_745,24.54075,-45.80199,2.328111,0.06182049,6.256881,0.3356503496503497,0.3452717
2024_04_20_15_26_12_846,24.52839,-45.78972,2.335666,0.05923296,6.25782,0.3356503496503497,0.3376833
2024_04_20_15_26_12_961,24.51351,-45.77488,2.343737,0.05772029,6.258872,0.3356503496503497,0.2921529
2024_04_20_15_26_13_079,24.49703,-45.75864,2.351789,0.05600947,6.260874,0.3356503496503497,0.2693878
2024_04_20_15_26_13_196,24.4799,-45.74208,2.35953,0.05420491,6.263004,0.3356503496503497,0.2466226
2024_04_20_15_26_13_313,24.46313,-45.72655,2.365578,0.05080193,6.264184,0.3356503496503497,0.23524
2024_04_20_15_26_13_412,24.44956,-45.71412,2.369871,0.04810148,6.264593,0.3356503496503497,0.216269
2024_04_20_15_26_13_529,24.43451,-45.70049,2.374323,0.0452013,6.265233,0.3356503496503497,0.216269
2024_04_20_15_26_13_628,24.42116,-45.68813,2.378761,0.04414882,6.264793,0.3356503496503497,0.216269
2024_04_20_15_26_13_728,24.4073,-45.67532,2.383332,0.04348889,6.264224,0.3356503496503497,0.216269
2024_04_20_15_26_13_840,24.39116,-45.66052,2.388536,0.04265532,6.263956,0.3356503496503497,0.216269
2024_04_20_15_26_13_944,24.37654,-45.64749,2.392861,0.04075542,6.264516,0.3356503496503497,0.2086807
2024_04_20_15_26_14_062,24.36058,-45.63371,2.397271,0.03736681,6.26593,0.3356503496503497,0.2086807
2024_04_20_15_26_14_178,24.34615,-45.62111,2.401474,0.03513615,6.267003,0.3356503496503497,0.2086807
2024_04_20_15_26_14_303,24.33088,-45.60775,2.405788,0.03345303,6.267483,0.3356503496503497,0.2086807
2024_04_20_15_26_14_411,24.31807,-45.59623,2.410081,0.03366502,6.267367,0.3356503496503497,0.2086807
2024_04_20_15_26_14_512,24.30464,-45.58454,2.414055,0.03295182,6.266964,0.3356503496503497,0.2086807
2024_04_20_15_26_14_628,24.28733,-45.56985,2.418947,0.03094806,6.266817,0.3356503496503497,0.2086807
2024_04_20_15_26_14_744,24.26942,-45.55458,2.42427,0.02927719,6.266616,0.3356503496503497,0.2086807
2024_04_20_15_26_14_860,24.25156,-45.53944,2.429726,0.02797864,6.266442,0.3356503496503497,0.2086807
2024_04_20_15_26_14_962,24.23668,-45.52676,2.434682,0.02790087,6.2662,0.3356503496503497,0.2086807
2024_04_20_15_26_15_078,24.21997,-45.51258,2.440166,0.02780713,6.265888,0.3356503496503497,0.1935039
2024_04_20_15_26_15_178,24.20552,-45.50047,2.443777,0.02742364,6.266166,0.3356503496503497,0.1669445
2024_04_20_15_26_15_303,24.18712,-45.48574,2.447187,0.02592055,6.266537,0.3356503496503497,0.1555619
2024_04_20_15_26_15_409,24.17008,-45.47235,2.450659,0.0236494,6.268495,0.3356503496503497,0.1555619
2024_04_20_15_26_15_522,24.15034,-45.45699,2.454618,0.02091487,6.271079,0.3356503496503497,0.1479736
2024_04_20_15_26_15_627,24.13216,-45.44274,2.458576,0.01917369,6.273551,0.3356503496503497,0.1479736
2024_04_20_15_26_15_727,24.11523,-45.42939,2.462232,0.01939314,6.273042,0.3356503496503497,0.1479736
2024_04_20_15_26_15_828,24.09982,-45.41728,2.46528,0.02004188,6.271024,0.3356503496503497,0.1479736
2024_04_20_15_26_15_940,24.08277,-45.40387,2.469181,0.02140223,6.268853,0.3356503496503497,0.1479736
2024_04_20_15_26_16_044,24.06755,-45.39211,2.472675,0.02092233,6.269534,0.3356503496503497,0.1479736
2024_04_20_15_26_16_161,24.04882,-45.37782,2.477326,0.01946558,6.273194,0.3356503496503497,0.1479736
2024_04_20_15_26_16_262,24.03158,-45.36475,2.481647,0.01846583,6.276276,0.3356503496503497,0.1479736
2024_04_20_15_26_16_378,24.01149,-45.34983,2.486737,0.01723704,6.278818,0.3356503496503497,0.1479736
2024_04_20_15_26_16_493,23.99241,-45.33587,2.490858,0.01613982,6.279235,0.3356503496503497,0.1479736
2024_04_20_15_26_16_594,23.97618,-45.32438,2.493703,0.01440237,6.279309,0.3356503496503497,0.1479736
2024_04_20_15_26_16_704,23.95768,-45.31174,2.496574,0.01133175,6.279922,0.3356503496503497,0.1479736
2024_04_20_15_26_16_812,23.93972,-45.29974,2.49929,0.007817975,6.281065,0.3356503496503497,0.1479736
2024_04_20_15_26_16_912,23.9227,-45.28839,2.502022,0.004636031,6.282028,0.3356503496503497,0.1479736
2024_04_20_15_26_17_028,23.90446,-45.27551,2.506564,0.002980077,6.282125,0.3356503496503497,0.1479736
2024_04_20_15_26_17_145,23.88769,-45.26388,2.510746,0.001476457,6.282271,0.3356503496503497,0.1479736
2024_04_20_15_26_17_261,23.87214,-45.25329,2.513961,0.0001528654,6.282282,0.3356503496503497,0.1214142
2024_04_20_15_26_17_378,23.85668,-45.24284,2.51635,6.282854,6.281499,0.3356503496503497,0.1138258
2024_04_20_15_26_17_502,23.83861,-45.23059,2.518359,6.282132,6.281031,0.3356503496503497,0.1062374
2024_04_20_15_26_17_612,23.82065,-45.21865,2.520134,6.280233,6.281484,0.3356503496503497,0.09864905
2024_04_20_15_26_17_712,23.80404,-45.20727,2.522425,6.27926,6.281253,0.3356503496503497,0.07208968
2024_04_20_15_26_17_828,23.78561,-45.19458,2.524198,6.277961,6.281163,0.3356503496503497,0.04553033
2024_04_20_15_26_17_928,23.77071,-45.18408,2.525321,6.277925,6.281803,0.3356503496503497,0.03414775
2024_04_20_15_26_18_041,23.75443,-45.17243,2.525521,6.278826,6.281686,0.3356503496503497,-0.003794194
2024_04_20_15_26_18_146,23.7403,-45.16246,2.525059,6.279839,6.281384,0.3356503496503497,-0.01517678
2024_04_20_15_26_18_261,23.72439,-45.1512,2.523446,6.280735,6.280422,0.3356503496503497,-0.04173614
2024_04_20_15_26_18_373,23.70679,-45.13885,2.521376,6.280521,6.27854,0.3356503496503497,-0.04173614
2024_04_20_15_26_18_476,23.6904,-45.12738,2.519489,6.280108,6.277074,0.3356503496503497,-0.04173614
2024_04_20_15_26_18_578,23.67468,-45.11623,2.518851,6.279093,6.277469,0.3356503496503497,0.0
2024_04_20_15_26_18_679,23.6591,-45.10537,2.518553,6.277481,6.277521,0.3356503496503497,0.0
2024_04_20_15_26_18_795,23.6412,-45.09298,2.518089,6.275821,6.278261,0.3356503496503497,0.0
2024_04_20_15_26_18_914,23.62325,-45.08029,2.51789,6.274684,6.279214,0.3356503496503497,0.0
2024_04_20_15_26_19_027,23.60565,-45.06784,2.5177,6.274683,6.278343,0.3356503496503497,0.0
2024_04_20_15_26_19_144,23.58825,-45.05542,2.517164,6.27574,6.276704,0.3356503496503497,0.0
2024_04_20_15_26_19_262,23.57209,-45.04339,2.517229,6.277652,6.27591,0.3356503496503497,0.0
2024_04_20_15_26_19_378,23.55675,-45.03211,2.517243,6.278254,6.275671,0.3356503496503497,0.0
2024_04_20_15_26_19_478,23.54228,-45.02176,2.516989,6.277503,6.274852,0.3356503496503497,0.0
2024_04_20_15_26_19_577,23.52725,-45.01102,2.516731,6.276512,6.274297,0.3356503496503497,0.0
2024_04_20_15_26_19_678,23.51222,-45.00042,2.516426,6.275599,6.27442,0.3356503496503497,0.0
2024_04_20_15_26_19_778,23.49774,-44.99036,2.515831,6.27444,6.274401,0.3356503496503497,0.0
2024_04_20_15_26_19_879,23.48392,-44.98049,2.515666,6.274064,6.273358,0.3356503496503497,0.0
2024_04_20_15_26_19_994,23.46944,-44.96986,2.515901,6.274874,6.271612,0.3356503496503497,0.0
2024_04_20_15_26_20_111,23.4555,-44.95965,2.516207,6.275798,6.269804,0.3356503496503497,0.0
2024_04_20_15_26_20_212,23.44409,-44.95122,2.516467,6.276474,6.268659,0.3356503496503497,0.0
2024_04_20_15_26_20_328,23.43139,-44.94201,2.516495,6.276379,6.267472,0.3356503496503497,0.0
2024_04_20_15_26_20_428,23.42014,-44.93393,2.51679,6.276069,6.266527,0.3356503496503497,0.0
2024_04_20_15_26_20_544,23.40825,-44.92523,2.517987,6.275907,6.265014,0.3356503496503497,0.0
2024_04_20_15_26_20_661,23.39724,-44.91713,2.519568,6.275556,6.262866,0.3356503496503497,0.0
2024_04_20_15_26_20_778,23.38541,-44.90836,2.524395,6.274637,6.25977,0.3356503496503497,0.2693878
2024_04_20_15_26_20_899,23.37203,-44.89876,2.534538,6.27366,6.256873,0.3356503496503497,0.3149181
2024_04_20_15_26_21_006,23.36031,-44.89056,2.545276,6.272976,6.254639,0.3356503496503497,0.3870078
2024_04_20_15_26_21_128,23.34706,-44.88172,2.557614,6.272285,6.251764,0.3356503496503497,0.4287439
2024_04_20_15_26_21_227,23.33613,-44.87448,2.569216,6.272132,6.249768,0.3356503496503497,0.4477149
2024_04_20_15_26_21_327,23.32527,-44.86733,2.580692,6.272103,6.24792,0.3356503496503497,0.4477149
2024_04_20_15_26_21_446,23.31263,-44.85944,2.593962,6.272079,6.245823,0.3356503496503497,0.4477149
2024_04_20_15_26_21_544,23.30149,-44.85257,2.605524,6.272067,6.243998,0.3356503496503497,0.4477149
2024_04_20_15_26_21_644,23.29037,-44.84587,2.616992,6.272016,6.242157,0.3356503496503497,0.4477149
2024_04_20_15_26_21_745,23.27931,-44.8395,2.629377,6.271575,6.240084,0.3356503496503497,0.5008336
2024_04_20_15_26_21_862,23.26641,-44.83234,2.643988,6.271039,6.237697,0.3356503496503497,0.5235988
2024_04_20_15_26_21_978,23.25382,-44.82571,2.658583,6.270251,6.235205,0.3356503496503497,0.5235988
2024_04_20_15_26_22_075,23.24309,-44.82017,2.670691,6.269555,6.233047,0.3356503496503497,0.5235988
2024_04_20_15_26_22_194,23.23067,-44.81418,2.684393,6.268854,6.230676,0.3356503496503497,0.5235988
2024_04_20_15_26_22_312,23.21774,-44.80781,2.698545,6.268922,6.228186,0.3356503496503497,0.5235988
2024_04_20_15_26_22_427,23.20459,-44.80188,2.712448,6.26894,6.225839,0.3356503496503497,0.5235988
2024_04_20_15_26_22_528,23.1935,-44.79713,2.723832,6.268543,6.2243,0.3356503496503497,0.5235988
2024_04_20_15_26_22_628,23.18246,-44.79258,2.734766,6.267967,6.222971,0.3356503496503497,0.5235988
2024_04_20_15_26_22_746,23.16932,-44.78728,2.747401,6.267168,6.221731,0.3356503496503497,0.5235988
2024_04_20_15_26_22_862,23.15536,-44.78162,2.760887,6.267161,6.221189,0.3356503496503497,0.5235988
2024_04_20_15_26_22_961,23.14255,-44.77668,2.773334,6.267032,6.220512,0.3356503496503497,0.5235988
2024_04_20_15_26_23_061,23.12895,-44.77167,2.786576,6.266887,6.219605,0.3356503496503497,0.5235988
2024_04_20_15_26_23_179,23.11297,-44.7658,2.802235,6.266718,6.218558,0.3356503496503497,0.5235988
2024_04_20_15_26_23_299,23.09578,-44.75997,2.819179,6.266689,6.217583,0.3356503496503497,0.5235988
2024_04_20_15_26_23_412,23.08026,-44.75499,2.834511,6.266544,6.217635,0.3356503496503497,0.5235988
2024_04_20_15_26_23_526,23.06458,-44.75022,2.850115,6.26628,6.217731,0.3356503496503497,0.5235988
2024_04_20_15_26_23_628,23.05109,-44.74628,2.863645,6.266194,6.217947,0.3356503496503497,0.5235988
2024_04_20_15_26_23_745,23.03517,-44.74204,2.878271,6.265691,6.218975,0.3356503496503497,0.5235988
2024_04_20_15_26_23_862,23.01874,-44.73819,2.893243,6.26454,6.219471,0.3356503496503497,0.5235988
2024_04_20_15_26_23_975,23.00261,-44.73463,2.907827,6.26344,6.219937,0.3356503496503497,0.5235988
2024_04_20_15_26_24_079,22.98826,-44.73164,2.920675,6.26226,6.220557,0.3356503496503497,0.5235988
2024_04_20_15_26_24_179,22.97469,-44.72903,2.932679,6.260961,6.221299,0.3356503496503497,0.5235988
2024_04_20_15_26_24_300,22.95882,-44.7264,2.946304,6.25897,6.222668,0.3356503496503497,0.5235988
2024_04_20_15_26_24_410,22.94741,-44.72502,2.955786,6.257455,6.223339,0.3356503496503497,0.5235988
2024_04_20_15_26_24_528,22.93674,-44.72395,2.964531,6.256004,6.22378,0.3356503496503497,0.5235988
2024_04_20_15_26_24_645,22.92697,-44.72303,2.972482,6.25453,6.224051,0.3356503496503497,0.5235988
2024_04_20_15_26_24_761,22.91728,-44.72211,2.980373,6.25297,6.224245,0.3356503496503497,0.5235988
2024_04_20_15_26_24_877,22.90792,-44.72123,2.988002,6.251406,6.224382,0.3356503496503497,0.5235988
2024_04_20_15_26_24_977,22.89971,-44.72064,2.994603,6.250022,6.224462,0.3356503496503497,0.5235988
2024_04_20_15_26_25_094,22.89005,-44.71993,3.002652,6.248675,6.224494,0.3356503496503497,0.5235988
2024_04_20_15_26_25_193,22.88091,-44.71915,3.010476,6.247713,6.224565,0.3356503496503497,0.5235988
2024_04_20_15_26_25_310,22.87008,-44.7181,3.019831,6.247697,6.22575,0.3356503496503497,0.5235988
2024_04_20_15_26_25_412,22.85976,-44.71734,3.024856,6.245751,6.224414,0.3356503496503497,0.0
2024_04_20_15_26_25_528,22.84682,-44.71606,3.025539,6.245235,6.223443,0.3356503496503497,0.0
2024_04_20_15_26_25_644,22.83425,-44.7146,3.026495,6.24598,6.223269,0.3356503496503497,0.0
2024_04_20_15_26_25_744,22.82398,-44.71338,3.027273,6.246894,6.22338,0.3356503496503497,0.0
2024_04_20_15_26_25_861,22.81219,-44.71193,3.028269,6.247989,6.223463,0.3356503496503497,0.0
2024_04_20_15_26_25_977,22.79985,-44.71024,3.029794,6.249699,6.223568,0.3356503496503497,0.0
2024_04_20_15_26_26_078,22.78859,-44.70856,3.031111,6.251297,6.223734,0.3356503496503497,0.0
2024_04_20_15_26_26_178,22.7772,-44.70692,3.032353,6.252914,6.223899,0.3356503496503497,0.0
2024_04_20_15_26_26_295,22.76316,-44.70508,3.0328,6.254798,6.225417,0.3356503496503497,0.0
2024_04_20_15_26_26_410,22.74626,-44.70307,3.032086,6.25626,6.227946,0.3356503496503497,0.0
2024_04_20_15_26_26_527,22.72732,-44.70108,3.031142,6.255778,6.22928,0.3356503496503497,0.0
2024_04_20_15_26_26_627,22.71057,-44.69928,3.030355,6.254853,6.230375,0.3356503496503497,0.0
2024_04_20_15_26_26_727,22.69389,-44.69746,3.029646,6.254014,6.231476,0.3356503496503497,0.0
2024_04_20_15_26_26_844,22.67476,-44.69534,3.028176,6.25546,6.235582,0.3356503496503497,0.0
2024_04_20_15_26_26_958,22.65675,-44.69367,3.026274,6.255352,6.238723,0.3356503496503497,0.0
2024_04_20_15_26_27_061,22.64323,-44.69246,3.02499,6.255994,6.24055,0.3356503496503497,0.0
2024_04_20_15_26_27_178,22.62947,-44.69089,3.023986,6.257428,6.241887,0.3356503496503497,0.0
2024_04_20_15_26_27_294,22.61596,-44.68896,3.023435,6.258997,6.243229,0.3356503496503497,0.0
2024_04_20_15_26_27_394,22.60441,-44.68747,3.023005,6.260159,6.244184,0.3356503496503497,0.0
2024_04_20_15_26_27_500,22.59215,-44.68597,3.022655,6.260869,6.244686,0.3356503496503497,0.0
2024_04_20_15_26_27_611,22.57916,-44.68445,3.022128,6.261174,6.244792,0.3356503496503497,0.0
2024_04_20_15_26_27_728,22.56444,-44.68278,3.02154,6.260963,6.244414,0.3356503496503497,0.0
2024_04_20_15_26_27_839,22.54984,-44.68118,3.021043,6.260024,6.243581,0.3356503496503497,0.0
2024_04_20_15_26_27_938,22.53693,-44.67969,3.021079,6.259521,6.242509,0.3356503496503497,0.0
2024_04_20_15_26_28_043,22.5237,-44.67823,3.021173,6.258787,6.241664,0.3356503496503497,0.0
2024_04_20_15_26_28_160,22.5092,-44.67678,3.021207,6.257733,6.240974,0.3356503496503497,0.0
2024_04_20_15_26_28_261,22.49722,-44.67554,3.021234,6.256858,6.240396,0.3356503496503497,0.0
2024_04_20_15_26_28_375,22.4837,-44.67407,3.021617,6.256062,6.239883,0.3356503496503497,0.0
2024_04_20_15_26_28_477,22.47179,-44.67273,3.022093,6.255324,6.239254,0.3356503496503497,0.0
2024_04_20_15_26_28_595,22.45846,-44.67118,3.022715,6.254681,6.238211,0.3356503496503497,0.0
2024_04_20_15_26_28_710,22.44609,-44.67005,3.023151,6.25402,6.237396,0.3356503496503497,0.0
2024_04_20_15_26_28_827,22.43464,-44.66903,3.023547,6.253595,6.236451,0.3356503496503497,0.0
2024_04_20_15_26_28_928,22.42484,-44.66807,3.02374,6.254451,6.234453,0.3356503496503497,0.0
2024_04_20_15_26_29_028,22.41347,-44.66682,3.023678,6.256546,6.231217,0.3356503496503497,0.0
2024_04_20_15_26_29_128,22.40108,-44.66573,3.023504,6.256954,6.229165,0.3356503496503497,0.0
2024_04_20_15_26_29_228,22.3868,-44.66414,3.023567,6.256349,6.228572,0.3356503496503497,0.0
2024_04_20_15_26_29_344,22.36649,-44.66177,3.023459,6.255265,6.230103,0.3356503496503497,0.0
2024_04_20_15_26_29_444,22.34707,-44.65948,3.023108,6.254165,6.231722,0.3356503496503497,0.0
2024_04_20_15_26_29_561,22.32308,-44.65634,3.022875,6.255707,6.230967,0.3356503496503497,0.0
2024_04_20_15_26_29_661,22.30273,-44.65329,3.023124,6.260796,6.229161,0.3356503496503497,0.0
2024_04_20_15_26_29_778,22.28202,-44.64984,3.023522,6.267898,6.226953,0.3356503496503497,0.0
2024_04_20_15_26_29_878,22.26657,-44.6475,3.023591,6.271688,6.226277,0.3356503496503497,0.0
2024_04_20_15_26_29_995,22.24967,-44.64517,3.023669,6.275856,6.225483,0.3356503496503497,0.0
2024_04_20_15_26_30_111,22.23355,-44.64284,3.023669,6.279384,6.225183,0.3356503496503497,0.0
2024_04_20_15_26_30_212,22.21873,-44.64085,3.023377,6.28022,6.225091,0.3356503496503497,0.0
2024_04_20_15_26_30_327,22.19717,-44.63816,3.022299,6.279396,6.227365,0.3356503496503497,0.0
2024_04_20_15_26_30_444,22.17406,-44.63602,3.020249,6.275125,6.231469,0.3356503496503497,0.0
2024_04_20_15_26_30_561,22.15104,-44.6339,3.01826,6.271002,6.235392,0.3356503496503497,0.0
2024_04_20_15_26_30_678,22.12768,-44.63181,3.016125,6.265347,6.239038,0.3356503496503497,0.0
2024_04_20_15_26_30_794,22.10635,-44.6302,3.014372,6.259545,6.239421,0.3356503496503497,0.0
2024_04_20_15_26_30_910,22.08822,-44.62776,3.014679,6.259066,6.239462,0.3356503496503497,0.0
2024_04_20_15_26_31_010,22.07228,-44.62566,3.015299,6.258482,6.240843,0.3356503496503497,0.0
2024_04_20_15_26_31_128,22.05349,-44.6232,3.016044,6.257699,6.242583,0.3356503496503497,0.0
2024_04_20_15_26_31_244,22.035,-44.62074,3.016866,6.257155,6.243061,0.3356503496503497,0.0
2024_04_20_15_26_31_362,22.01762,-44.61834,3.017897,6.256864,6.242485,0.3356503496503497,0.0
2024_04_20_15_26_31_477,22.00146,-44.6164,3.018442,6.254839,6.243336,0.3356503496503497,0.0
2024_04_20_15_26_31_593,21.98197,-44.61406,3.020185,6.252038,6.249387,0.3356503496503497,0.0
2024_04_20_15_26_31_698,21.96103,-44.61153,3.02191,6.248756,6.256258,0.3356503496503497,0.0
2024_04_20_15_26_31_810,21.93739,-44.60877,3.023726,6.245363,6.263776,0.3356503496503497,0.0
2024_04_20_15_26_31_925,21.91199,-44.60591,3.025481,6.241559,6.271995,0.3356503496503497,0.0
2024_04_20_15_26_32_027,21.88861,-44.60389,3.025829,6.235713,6.277568,0.3356503496503497,0.0
2024_04_20_15_26_32_144,21.86187,-44.60183,3.025772,6.229964,-0.002921533,0.3356503496503497,0.0
2024_04_20_15_26_32_246,21.83947,-44.59963,3.025927,6.228037,0.005422725,0.3356503496503497,0.0
2024_04_20_15_26_32_362,21.81424,-44.59629,3.026632,6.230352,0.007463917,0.3356503496503497,0.0
2024_04_20_15_26_32_462,21.79157,-44.5938,3.026662,6.230629,0.009128441,0.3356503496503497,0.0
2024_04_20_15_26_32_577,21.76356,-44.59111,3.026239,6.2299,0.01044329,0.3356503496503497,0.0
2024_04_20_15_26_32_679,21.74029,-44.58875,3.026122,6.230198,0.0097625,0.3356503496503497,0.0
2024_04_20_15_26_32_793,21.71415,-44.58646,3.025903,6.228909,0.01050304,0.3356503496503497,0.0
2024_04_20_15_26_32_905,21.68672,-44.58414,3.025721,6.225924,0.01563481,0.3356503496503497,0.0
2024_04_20_15_26_33_022,21.65571,-44.58157,3.026228,6.223884,0.01993946,0.3356503496503497,0.0
2024_04_20_15_26_33_127,21.62839,-44.57925,3.026785,6.222794,0.02306533,0.3356503496503497,0.0
2024_04_20_15_26_33_244,21.59675,-44.57673,3.027232,6.219368,0.028606,0.3356503496503497,0.0
2024_04_20_15_26_33_359,21.56208,-44.57497,3.026992,6.209291,0.03723427,0.3356503496503497,0.0
2024_04_20_15_26_33_477,21.52513,-44.57375,3.026266,6.197125,0.04773435,0.3356503496503497,0.0
2024_04_20_15_26_33_594,21.48697,-44.57192,3.025531,6.187805,0.05585959,0.3356503496503497,0.0
2024_04_20_15_26_33_693,21.45294,-44.57077,3.023983,6.175755,0.06627339,0.3356503496503497,0.0
2024_04_20_15_26_33_809,21.41182,-44.56827,3.022826,6.168838,0.07176965,0.3356503496503497,0.0
2024_04_20_15_26_33_926,21.36862,-44.5651,3.021061,6.163179,0.0795819,0.3356503496503497,0.0
2024_04_20_15_26_34_042,21.32269,-44.5621,3.018407,6.153575,0.09155606,0.3356503496503497,0.0
2024_04_20_15_26_34_143,21.28162,-44.55984,3.015936,6.144516,0.1045484,0.3356503496503497,0.0
2024_04_20_15_26_34_260,21.23429,-44.55638,3.013355,6.137924,0.1159529,0.3356503496503497,0.0
2024_04_20_15_26_34_378,21.18886,-44.55241,3.011694,6.134288,0.1245559,0.3356503496503497,0.0
2024_04_20_15_26_34_494,21.15399,-44.54971,3.0097,6.131533,0.1309778,0.3356503496503497,0.0
2024_04_20_15_26_34_594,21.12894,-44.54726,3.008732,6.131978,0.1323603,0.3356503496503497,0.0
2024_04_20_15_26_34_709,21.09852,-44.54382,3.008252,6.133131,0.1313501,0.3356503496503497,0.0
2024_04_20_15_26_34_810,21.07389,-44.542,3.007945,6.12837,0.1270252,0.3356503496503497,0.0
2024_04_20_15_26_34_911,21.04811,-44.54072,3.010548,6.118482,0.1155388,0.3356503496503497,0.0
2024_04_20_15_26_35_027,21.01639,-44.53802,3.013999,6.113839,0.1049106,0.3356503496503497,0.0
2024_04_20_15_26_35_143,20.98381,-44.5358,3.016336,6.109107,0.09657779,0.3356503496503497,0.0
2024_04_20_15_26_35_243,20.9554,-44.53379,3.018137,6.10572,0.09043756,0.3356503496503497,0.0
2024_04_20_15_26_35_360,20.92148,-44.53092,3.020279,6.103314,0.08423281,0.3356503496503497,0.0
2024_04_20_15_26_35_460,20.8913,-44.52835,3.022207,6.101345,0.07883965,0.3356503496503497,0.0
2024_04_20_15_26_35_561,20.86055,-44.52565,3.02418,6.100353,0.07388441,0.3356503496503497,0.0
2024_04_20_15_26_35_676,20.82486,-44.52155,3.027665,6.104652,0.06762712,0.3356503496503497,0.0
2024_04_20_15_26_35_777,20.79313,-44.51754,3.030714,6.111247,0.06423474,0.3356503496503497,0.0
2024_04_20_15_26_35_893,20.75505,-44.51268,3.034796,6.116815,0.05862759,0.3356503496503497,0.0
2024_04_20_15_26_36_010,20.71584,-44.50777,3.039057,6.122618,0.05369757,0.3356503496503497,0.0
2024_04_20_15_26_36_110,20.68141,-44.50311,3.041661,6.131315,0.05452994,0.3356503496503497,0.0
2024_04_20_15_26_36_226,20.64016,-44.49726,3.045657,6.141843,0.05319341,0.3356503496503497,0.0
2024_04_20_15_26_36_327,20.6049,-44.49263,3.048755,6.150484,0.05282517,0.3356503496503497,0.0
2024_04_20_15_26_36_445,20.56333,-44.4879,3.051233,6.156672,0.0525992,0.3356503496503497,0.0
2024_04_20_15_26_36_560,20.52565,-44.48521,3.05266,6.155796,0.05075719,0.3356503496503497,0.0
2024_04_20_15_26_36_678,20.49037,-44.48264,3.053638,6.158376,0.0520281,0.3356503496503497,0.0
2024_04_20_15_26_36_778,20.46105,-44.48061,3.053968,6.160222,0.05441239,0.3356503496503497,0.0
2024_04_20_15_26_36_891,20.42765,-44.47854,3.05406,6.161603,0.05756601,0.3356503496503497,0.0
2024_04_20_15_26_36_993,20.39832,-44.4768,3.054187,6.16178,0.0593592,0.3356503496503497,0.0
2024_04_20_15_26_37_094,20.36879,-44.47498,3.054748,6.162167,0.05971863,0.3356503496503497,0.0
2024_04_20_15_26_37_210,20.33634,-44.47264,3.055906,6.163538,0.05872414,0.3356503496503497,0.0
2024_04_20_15_26_37_311,20.30793,-44.4705,3.056568,6.166064,0.05952368,0.3356503496503497,0.0
2024_04_20_15_26_37_426,20.27363,-44.46761,3.057464,6.17063,0.06194638,0.3356503496503497,0.0
2024_04_20_15_26_37_526,20.2437,-44.46515,3.057776,6.173409,0.06497058,0.3356503496503497,0.0
2024_04_20_15_26_37_627,20.21362,-44.46297,3.057778,6.175014,0.06765254,0.3356503496503497,0.0
2024_04_20_15_26_37_744,20.17885,-44.46113,3.057661,6.175132,0.06932278,0.3356503496503497,0.0
2024_04_20_15_26_37_855,20.14416,-44.45848,3.058191,6.178114,0.07098727,0.3356503496503497,0.0
2024_04_20_15_26_37_959,20.1123,-44.45583,3.059276,6.181237,0.07169887,0.3356503496503497,0.0
2024_04_20_15_26_38_060,20.08312,-44.45422,3.058663,6.181385,0.06951045,0.3356503496503497,0.0
2024_04_20_15_26_38_176,20.05455,-44.45263,3.058014,6.183356,0.06679317,0.3356503496503497,0.0
2024_04_20_15_26_38_277,20.03182,-44.45144,3.057419,6.18379,0.0633137,0.3356503496503497,0.0
2024_04_20_15_26_38_377,20.0103,-44.45042,3.056751,6.183753,0.06047149,0.3356503496503497,0.0
2024_04_20_15_26_38_494,19.98664,-44.44929,3.055713,6.183752,0.05708101,0.3356503496503497,0.0
2024_04_20_15_26_38_610,19.9637,-44.44812,3.054967,6.183875,0.05356599,0.3356503496503497,0.0
2024_04_20_15_26_38_710,19.94363,-44.44685,3.054499,6.185338,0.05007043,0.3356503496503497,0.0
2024_04_20_15_26_38_827,19.91924,-44.44519,3.053925,6.187277,0.04504555,0.3356503496503497,0.0
2024_04_20_15_26_38_943,19.89417,-44.44365,3.053298,6.188567,0.04016753,0.3356503496503497,0.0
2024_04_20_15_26_39_043,19.87218,-44.44228,3.052287,6.18806,0.03740026,0.3356503496503497,0.0
2024_04_20_15_26_39_159,19.84787,-44.44119,3.050423,6.18678,0.03265373,0.3356503496503497,0.0
2024_04_20_15_26_39_260,19.82965,-44.44032,3.049044,6.186637,0.02943334,0.3356503496503497,0.0
2024_04_20_15_26_39_377,19.81051,-44.43886,3.048448,6.190304,0.02286835,0.3356503496503497,0.0
2024_04_20_15_26_39_477,19.79194,-44.43706,3.048368,6.195648,0.01493202,0.3356503496503497,0.0
2024_04_20_15_26_39_577,19.77152,-44.43533,3.047764,6.198835,0.008316973,0.3356503496503497,0.0
2024_04_20_15_26_39_677,19.74927,-44.43374,3.04682,6.200722,0.003093668,0.3356503496503497,0.0
2024_04_20_15_26_39_793,19.72164,-44.4319,3.045213,6.201507,6.279867,0.3356503496503497,0.0
2024_04_20_15_26_39_894,19.69583,-44.43021,3.043625,6.20147,6.274642,0.3356503496503497,0.0
2024_04_20_15_26_40_010,19.66773,-44.42865,3.041853,6.199675,6.269296,0.3356503496503497,0.0
2024_04_20_15_26_40_111,19.64276,-44.42718,3.040587,6.198171,6.266146,0.3356503496503497,0.0
2024_04_20_15_26_40_227,19.61228,-44.42514,3.038145,6.196024,6.263111,0.3356503496503497,-0.05311872
2024_04_20_15_26_40_343,19.58143,-44.42354,3.032747,6.18978,6.264798,0.3356503496503497,-0.07967807
2024_04_20_15_26_40_443,19.55605,-44.42161,3.02859,6.187377,6.264013,0.3356503496503497,-0.1252084
2024_04_20_15_26_40_544,19.53454,-44.41976,3.023841,6.184712,6.263579,0.3356503496503497,-0.1555619
2024_04_20_15_26_40_660,19.51182,-44.41785,3.016455,6.182569,6.264137,0.3356503496503497,-0.23524
2024_04_20_15_26_40_777,19.49092,-44.41587,3.008397,6.181709,6.26393,0.3356503496503497,-0.2693878
2024_04_20_15_26_40_897,19.47069,-44.4136,2.999418,6.181176,6.263312,0.3356503496503497,-0.2921529
2024_04_20_15_26_41_010,19.45305,-44.41151,2.991363,6.181254,6.263132,0.3356503496503497,-0.2997413
2024_04_20_15_26_41_125,19.43602,-44.40931,2.982425,6.182196,6.263653,0.3356503496503497,-0.3566543
2024_04_20_15_26_41_227,19.42243,-44.40759,2.97491,6.183358,6.263927,0.3356503496503497,-0.3566543
2024_04_20_15_26_41_344,19.40775,-44.40558,2.96614,6.184589,6.264218,0.3356503496503497,-0.4059788
2024_04_20_15_26_41_459,19.39314,-44.40338,2.956341,6.185592,6.264915,0.3356503496503497,-0.4135672
2024_04_20_15_26_41_576,19.37786,-44.40088,2.946047,6.186326,6.264789,0.3356503496503497,-0.4173613
2024_04_20_15_26_41_679,19.36347,-44.39838,2.935933,6.186065,6.263649,0.3356503496503497,-0.4287439
2024_04_20_15_26_41_795,19.34659,-44.39512,2.924065,6.185688,6.262258,0.3356503496503497,-0.4287439
2024_04_20_15_26_41_895,19.33118,-44.39214,2.9131,6.1847,6.261502,0.3356503496503497,-0.4287439
2024_04_20_15_26_42_010,19.31335,-44.3885,2.900273,6.183382,6.260874,0.3356503496503497,-0.4287439
2024_04_20_15_26_42_125,19.29519,-44.38448,2.887277,6.18323,6.261199,0.3356503496503497,-0.4287439
2024_04_20_15_26_42_226,19.28191,-44.38131,2.878103,6.184833,6.261895,0.3356503496503497,-0.4287439
2024_04_20_15_26_42_327,19.27072,-44.37885,2.870005,6.185599,6.262218,0.3356503496503497,-0.4287439
2024_04_20_15_26_42_443,19.25901,-44.37627,2.861629,6.186315,6.262446,0.3356503496503497,-0.4287439
2024_04_20_15_26_42_560,19.24751,-44.37361,2.853468,6.186679,6.262991,0.3356503496503497,-0.4287439
2024_04_20_15_26_42_660,19.23672,-44.37122,2.845677,6.186488,6.263932,0.3356503496503497,-0.4287439
2024_04_20_15_26_42_777,19.22321,-44.36807,2.835749,6.185974,6.26483,0.3356503496503497,-0.4287439
2024_04_20_15_26_42_878,19.21112,-44.36498,2.826792,6.185794,6.265869,0.3356503496503497,-0.4287439
2024_04_20_15_26_42_990,19.19736,-44.36139,2.816526,6.185746,6.267173,0.3356503496503497,-0.4287439
2024_04_20_15_26_43_097,19.18451,-44.35769,2.80715,6.186127,6.26852,0.3356503496503497,-0.4287439
2024_04_20_15_26_43_210,19.17027,-44.35324,2.796988,6.18709,6.270188,0.3356503496503497,-0.4287439
2024_04_20_15_26_43_325,19.15534,-44.34843,2.786394,6.188307,6.272054,0.3356503496503497,-0.4287439
2024_04_20_15_26_43_427,19.14277,-44.34415,2.777469,6.189635,6.273405,0.3356503496503497,-0.4287439
2024_04_20_15_26_43_542,19.12881,-44.33931,2.767505,6.191123,6.274874,0.3356503496503497,-0.4287439
2024_04_20_15_26_43_660,19.1147,-44.33434,2.757151,6.191058,6.275803,0.3356503496503497,-0.4287439
2024_04_20_15_26_43_775,19.10059,-44.3294,2.746562,6.19038,6.276259,0.3356503496503497,-0.4287439
2024_04_20_15_26_43_875,19.08836,-44.32519,2.737012,6.189337,6.276724,0.3356503496503497,-0.4287439
2024_04_20_15_26_43_975,19.07613,-44.32096,2.727139,6.188052,6.277395,0.3356503496503497,-0.4287439
2024_04_20_15_26_44_077,19.06399,-44.31649,2.717278,6.186902,6.278179,0.3356503496503497,-0.4287439
2024_04_20_15_26_44_193,19.05,-44.31125,2.705822,6.185931,6.278962,0.3356503496503497,-0.4287439
2024_04_20_15_26_44_295,19.03783,-44.30642,2.695844,6.185086,6.279485,0.3356503496503497,-0.4287439
2024_04_20_15_26_44_410,19.02434,-44.30075,2.684858,6.184125,6.280068,0.3356503496503497,-0.4287439
2024_04_20_15_26_44_526,19.01073,-44.2947,2.674211,6.18413,6.280068,0.3356503496503497,-0.4287439
2024_04_20_15_26_44_626,18.99889,-44.2891,2.665175,6.18471,6.279532,0.3356503496503497,-0.4287439
2024_04_20_15_26_44_728,18.98698,-44.28325,2.655997,6.185331,6.278979,0.3356503496503497,-0.4287439
2024_04_20_15_26_44_842,18.97329,-44.27648,2.645303,6.185872,6.278496,0.3356503496503497,-0.4287439
2024_04_20_15_26_44_942,18.96148,-44.27032,2.636116,6.186649,6.277828,0.3356503496503497,-0.4287439
2024_04_20_15_26_45_044,18.94953,-44.26421,2.626749,6.186829,6.27767,0.3356503496503497,-0.4287439
2024_04_20_15_26_45_160,18.93548,-44.25682,2.615496,6.187051,6.277687,0.3356503496503497,-0.4287439
2024_04_20_15_26_45_277,18.9211,-44.24894,2.603822,6.187487,6.277866,0.3356503496503497,-0.4287439
2024_04_20_15_26_45_377,18.90877,-44.24215,2.59375,6.187885,6.278025,0.3356503496503497,-0.4287439
2024_04_20_15_26_45_497,18.89397,-44.23357,2.581713,6.188866,6.27867,0.3356503496503497,-0.4287439
2024_04_20_15_26_45_609,18.88003,-44.22508,2.570298,6.189905,6.279379,0.3356503496503497,-0.4287439
2024_04_20_15_26_45_709,18.8681,-44.21791,2.560405,6.191138,6.280287,0.3356503496503497,-0.4287439
2024_04_20_15_26_45_811,18.8564,-44.21063,2.550645,6.192372,6.28117,0.3356503496503497,-0.4287439
2024_04_20_15_26_45_925,18.84323,-44.2022,2.539638,6.194105,6.281871,0.3356503496503497,-0.4287439
2024_04_20_15_26_46_041,18.82981,-44.19334,2.528215,6.196036,6.2825,0.3356503496503497,-0.4287439
2024_04_20_15_26_46_142,18.81846,-44.18577,2.518354,6.197693,6.283024,0.3356503496503497,-0.4287439
2024_04_20_15_26_46_243,18.80723,-44.17808,2.508431,6.199371,0.0003542677,0.3356503496503497,-0.4287439
2024_04_20_15_26_46_358,18.79403,-44.16885,2.496387,6.200885,0.0004103463,0.3356503496503497,-0.4287439
2024_04_20_15_26_46_459,18.78155,-44.16019,2.484797,6.201746,-0.004227994,0.3356503496503497,-0.4287439
2024_04_20_15_26_46_560,18.76889,-44.15125,2.473019,6.202027,0.004180183,0.3356503496503497,-0.4287439
2024_04_20_15_26_46_660,18.75608,-44.14198,2.461031,6.202062,0.0004278403,0.3356503496503497,-0.4287439
2024_04_20_15_26_46_777,18.74101,-44.13062,2.446979,6.201767,0.0001072716,0.3356503496503497,-0.4287439
2024_04_20_15_26_46_892,18.72668,-44.11929,2.433664,6.201662,6.282897,0.3356503496503497,-0.4287439
2024_04_20_15_26_46_993,18.71404,-44.10907,2.421847,6.201414,0.0006542041,0.3356503496503497,-0.4287439
2024_04_20_15_26_47_093,18.70155,-44.09846,2.410296,6.20198,0.000481749,0.3356503496503497,-0.4287439
2024_04_20_15_26_47_194,18.68889,-44.08709,2.3987,6.20328,0.001404599,0.3356503496503497,-0.4287439
2024_04_20_15_26_47_309,18.67471,-44.074,2.385684,6.204742,0.002441336,0.3356503496503497,-0.4287439
2024_04_20_15_26_47_426,18.66111,-44.06115,2.37328,6.205757,0.003055031,0.3356503496503497,-0.4287439
2024_04_20_15_26_47_542,18.64835,-44.04886,2.361501,6.205879,0.00369878,0.3356503496503497,-0.4287439
2024_04_20_15_26_47_659,18.63624,-44.03663,2.350927,6.20619,0.003692812,0.3356503496503497,-0.4287439
2024_04_20_15_26_47_759,18.62589,-44.02644,2.341418,6.205762,0.003734955,0.3356503496503497,-0.4287439
2024_04_20_15_26_47_860,18.61505,-44.01563,2.332593,6.204266,0.002933911,0.3356503496503497,-0.4287439
2024_04_20_15_26_47_959,18.60404,-44.0042,2.323358,6.2041,0.003377969,0.3356503496503497,-0.4287439
2024_04_20_15_26_48_061,18.5927,-43.99194,2.313579,6.205541,0.00631919,0.3356503496503497,-0.4287439
2024_04_20_15_26_48_176,18.5793,-43.9771,2.30128,6.207503,0.01086171,0.3356503496503497,-0.4287439
2024_04_20_15_26_48_295,18.56499,-43.96072,2.287646,6.210413,0.01682433,0.3356503496503497,-0.4287439
2024_04_20_15_26_48_408,18.55106,-43.94447,2.2741,6.212181,0.02161998,0.3356503496503497,-0.4287439
2024_04_20_15_26_48_508,18.53872,-43.93003,2.261751,6.212414,0.02469605,0.3356503496503497,-0.4287439
2024_04_20_15_26_48_610,18.5264,-43.91544,2.249177,6.211848,0.02756927,0.3356503496503497,-0.4287439
2024_04_20_15_26_48_726,18.51221,-43.89814,2.233996,6.21132,0.03185121,0.3356503496503497,-0.4287439
2024_04_20_15_26_48_828,18.49987,-43.88254,2.220483,6.210539,0.03532813,0.3356503496503497,-0.4287439
2024_04_20_15_26_48_943,18.48582,-43.86452,2.204314,6.208133,0.03715273,0.3356503496503497,-0.4287439
2024_04_20_15_26_49_045,18.47471,-43.84917,2.191185,6.209389,0.04091135,0.3356503496503497,-0.4287439
2024_04_20_15_26_49_155,18.46246,-43.83124,2.176554,6.211767,0.04545812,0.3356503496503497,-0.4287439
2024_04_20_15_26_49_277,18.44952,-43.81205,2.160692,6.212771,0.04889568,0.3356503496503497,-0.4287439
2024_04_20_15_26_49_393,18.43665,-43.79281,2.144587,6.211585,0.0511237,0.3356503496503497,-0.4287439
2024_04_20_15_26_49_496,18.42493,-43.7745,2.130046,6.210743,0.05314026,0.3356503496503497,-0.4287439
2024_04_20_15_26_49_609,18.41225,-43.75383,2.114253,6.210209,0.05462405,0.3356503496503497,-0.4287439
2024_04_20_15_26_49_710,18.40119,-43.73522,2.100174,6.209888,0.05679856,0.3356503496503497,-0.4287439
2024_04_20_15_26_49_810,18.39001,-43.71583,2.085483,6.209677,0.0596836,0.3356503496503497,-0.4287439
2024_04_20_15_26_49_926,18.37723,-43.69275,2.068193,6.209539,0.06318107,0.3356503496503497,-0.4287439
2024_04_20_15_26_50_027,18.3667,-43.6726,2.053534,6.210136,0.0658145,0.3356503496503497,-0.4287439
2024_04_20_15_26_50_143,18.35555,-43.64924,2.038154,6.212557,0.06823542,0.3356503496503497,-0.4287439
2024_04_20_15_26_50_243,18.3461,-43.62872,2.024577,6.214684,0.07092483,0.3356503496503497,-0.4287439
2024_04_20_15_26_50_343,18.33626,-43.60789,2.008589,6.214766,0.07477455,0.3356503496503497,-0.4287439
2024_04_20_15_26_50_460,18.32567,-43.58523,1.990572,6.213773,0.07792179,0.3356503496503497,-0.4287439
2024_04_20_15_26_50_560,18.31669,-43.56568,1.974701,6.211551,0.07934164,0.3356503496503497,-0.4287439
2024_04_20_15_26_50_678,18.30707,-43.5433,1.957337,6.209763,0.0792353,0.3356503496503497,-0.4287439
2024_04_20_15_26_50_792,18.29796,-43.52061,1.950175,6.209774,0.07756456,0.3356503496503497,0.0
2024_04_20_15_26_50_896,18.28884,-43.49851,1.950349,6.210601,0.07610404,0.3356503496503497,0.0
2024_04_20_15_26_51_009,18.27813,-43.47348,1.950068,6.209937,0.07395831,0.3356503496503497,0.0
2024_04_20_15_26_51_126,18.26755,-43.44841,1.950159,6.21012,0.07091601,0.3356503496503497,0.0
2024_04_20_15_26_51_226,18.25837,-43.42718,1.950155,6.209672,0.06764422,0.3356503496503497,0.0
2024_04_20_15_26_51_342,18.24798,-43.40195,1.950786,6.21069,0.063943,0.3356503496503497,0.0
2024_04_20_15_26_51_460,18.23802,-43.37717,1.951658,6.21271,0.06099317,0.3356503496503497,0.0
2024_04_20_15_26_51_576,18.22803,-43.35246,1.952202,6.214527,0.05881716,0.3356503496503497,0.0
2024_04_20_15_26_51_675,18.21955,-43.3316,1.952682,6.215755,0.05638473,0.3356503496503497,0.0
2024_04_20_15_26_51_788,18.21049,-43.30957,1.953054,6.216081,0.0548971,0.3356503496503497,0.0
2024_04_20_15_26_51_889,18.20292,-43.29136,1.953364,6.216462,0.05352211,0.3356503496503497,0.0
2024_04_20_15_26_52_009,18.19407,-43.26999,1.953655,6.218177,0.05183225,0.3356503496503497,0.0
2024_04_20_15_26_52_126,18.18559,-43.24907,1.954584,6.219775,0.04940654,0.3356503496503497,0.0
2024_04_20_15_26_52_227,18.17787,-43.22967,1.956061,6.220424,0.04529699,0.3356503496503497,0.0
2024_04_20_15_26_52_342,18.16721,-43.2041,1.958417,6.218734,0.0375207,0.3356503496503497,0.0
2024_04_20_15_26_52_444,18.15764,-43.18006,1.96056,6.220198,0.03326165,0.3356503496503497,0.0
2024_04_20_15_26_52_559,18.1466,-43.15141,1.96347,6.223737,0.02857917,0.3356503496503497,0.0
2024_04_20_15_26_52_659,18.13659,-43.12533,1.966603,6.225497,0.0213983,0.3356503496503497,0.0
2024_04_20_15_26_52_776,18.12525,-43.09728,1.969697,6.224679,0.01320293,0.3356503496503497,0.0
2024_04_20_15_26_52_895,18.11373,-43.06925,1.973106,6.223729,0.00618062,0.3356503496503497,0.0
2024_04_20_15_26_53_009,18.10242,-43.04316,1.975657,6.222997,0.002247015,0.3356503496503497,0.0
2024_04_20_15_26_53_109,18.0927,-43.02042,1.977894,6.223353,6.282886,0.3356503496503497,0.0
2024_04_20_15_26_53_209,18.0833,-42.9987,1.979617,6.222963,6.279469,0.3356503496503497,-0.06829549
2024_04_20_15_26_53_310,18.07495,-42.98026,1.971797,6.21946,6.274748,0.3356503496503497,-0.5235988
2024_04_20_15_26_53_427,18.06734,-42.96194,1.956991,6.217145,6.270461,0.3356503496503497,-0.5235988
2024_04_20_15_26_53_527,18.06157,-42.94701,1.945372,6.216385,6.267794,0.3356503496503497,-0.5235988
2024_04_20_15_26_53_643,18.05564,-42.93103,1.932976,6.215553,6.264173,0.3356503496503497,-0.5235988
2024_04_20_15_26_53_758,18.05029,-42.91532,1.921713,6.216415,6.261811,0.3356503496503497,-0.5235988
2024_04_20_15_26_53_859,18.0456,-42.9012,1.911225,6.217477,6.260427,0.3356503496503497,-0.5235988
2024_04_20_15_26_53_970,18.04016,-42.88398,1.898377,6.21849,6.258679,0.3356503496503497,-0.5235988
2024_04_20_15_26_54_077,18.0352,-42.86809,1.886465,6.218873,6.257183,0.3356503496503497,-0.5235988
2024_04_20_15_26_54_192,18.02986,-42.84926,1.872833,6.220944,6.257076,0.3356503496503497,-0.5235988
2024_04_20_15_26_54_293,18.02538,-42.83213,1.860762,6.22316,6.257031,0.3356503496503497,-0.5235988
2024_04_20_15_26_54_393,18.02107,-42.8153,1.848446,6.224491,6.256973,0.3356503496503497,-0.5235988
2024_04_20_15_26_54_509,18.0164,-42.79614,1.834459,6.225942,6.256798,0.3356503496503497,-0.5235988
2024_04_20_15_26_54_626,18.01201,-42.77692,1.820525,6.227382,6.256619,0.3356503496503497,-0.5235988
2024_04_20_15_26_54_744,18.00791,-42.75771,1.80664,6.228846,6.256192,0.3356503496503497,-0.5235988
2024_04_20_15_26_54_856,18.00435,-42.73956,1.79396,6.230176,6.254981,0.3356503496503497,-0.5235988
2024_04_20_15_26_54_958,18.0016,-42.72351,1.783615,6.232455,6.253798,0.3356503496503497,-0.5235988
2024_04_20_15_26_55_059,17.99892,-42.70694,1.772785,6.235308,6.252397,0.3356503496503497,-0.5235988
2024_04_20_15_26_55_159,17.99649,-42.6904,1.761914,6.238071,6.250527,0.3356503496503497,-0.5235988
2024_04_20_15_26_55_278,17.99386,-42.6714,1.749343,6.241173,6.248305,0.3356503496503497,-0.5235988
2024_04_20_15_26_55_391,17.99168,-42.65312,1.737476,6.245013,6.247079,0.3356503496503497,-0.5235988
2024_04_20_15_26_55_495,17.98996,-42.6368,1.727083,6.248489,6.246065,0.3356503496503497,-0.5235988
2024_04_20_15_26_55_610,17.98805,-42.61818,1.714851,6.251423,6.244063,0.3356503496503497,-0.5235988
2024_04_20_15_26_55_711,17.98647,-42.60258,1.704056,6.253264,6.242456,0.3356503496503497,-0.5235988
2024_04_20_15_26_55_828,17.98477,-42.58394,1.691163,6.256056,6.242002,0.3356503496503497,-0.4856569
2024_04_20_15_26_55_943,17.98307,-42.56629,1.678584,6.258153,6.241091,0.3356503496503497,-0.4590975
2024_04_20_15_26_56_060,17.98158,-42.54909,1.666803,6.260279,6.240248,0.3356503496503497,-0.4059788
2024_04_20_15_26_56_178,17.98022,-42.53135,1.655723,6.262312,6.239343,0.3356503496503497,-0.371831
2024_04_20_15_26_56_279,17.97918,-42.51567,1.648282,6.263951,6.238962,0.3356503496503497,-0.2921529
2024_04_20_15_26_56_393,17.97828,-42.49784,1.640715,6.266254,6.23888,0.3356503496503497,-0.2921529
2024_04_20_15_26_56_510,17.97756,-42.47935,1.633014,6.268975,6.23866,0.3356503496503497,-0.2921529
2024_04_20_15_26_56_627,17.977,-42.46107,1.625406,6.271658,6.238488,0.3356503496503497,-0.2921529
2024_04_20_15_26_56_726,17.97672,-42.44582,1.619012,6.273809,6.238279,0.3356503496503497,-0.2921529
2024_04_20_15_26_56_839,17.97647,-42.42874,1.611657,6.276,6.237827,0.3356503496503497,-0.2921529
2024_04_20_15_26_56_943,17.97628,-42.41366,1.604867,6.277344,6.237381,0.3356503496503497,-0.2921529
2024_04_20_15_26_57_043,17.97632,-42.39964,1.598593,6.278786,6.236759,0.3356503496503497,-0.2921529
2024_04_20_15_26_57_159,17.97643,-42.38348,1.591283,6.280474,6.235504,0.3356503496503497,-0.2921529
2024_04_20_15_26_57_275,17.97669,-42.36758,1.584095,6.282194,6.234201,0.3356503496503497,-0.2921529
2024_04_20_15_26_57_392,17.97702,-42.3514,1.576744,0.0007504788,6.232888,0.3356503496503497,-0.2921529
2024_04_20_15_26_57_508,17.97725,-42.33476,1.568698,0.001756621,6.231623,0.3356503496503497,-0.2997413
2024_04_20_15_26_57_608,17.97753,-42.32014,1.560696,0.002523612,6.230496,0.3356503496503497,-0.3414775
2024_04_20_15_26_57_725,17.97809,-42.30319,1.550946,0.002817624,6.229817,0.3356503496503497,-0.3414775
2024_04_20_15_26_57_841,17.97881,-42.28774,1.542029,0.002960902,6.229832,0.3356503496503497,-0.3566543
2024_04_20_15_26_57_954,17.97963,-42.27334,1.533579,0.003237339,6.229937,0.3356503496503497,-0.3566543
2024_04_20_15_26_58_059,17.98052,-42.26075,1.526008,0.003287939,6.230321,0.3356503496503497,-0.3604484
2024_04_20_15_26_58_175,17.98154,-42.24556,1.516166,0.002904976,6.23139,0.3356503496503497,-0.390802
2024_04_20_15_26_58_276,17.9825,-42.23205,1.507009,0.002462891,6.232265,0.3356503496503497,-0.390802
2024_04_20_15_26_58_391,17.98376,-42.21649,1.496191,0.001801895,6.233144,0.3356503496503497,-0.4097729
2024_04_20_15_26_58_491,17.98501,-42.20357,1.486736,0.001570732,6.234195,0.3356503496503497,-0.4325381
2024_04_20_15_26_58_607,17.98666,-42.18891,1.476056,0.001517469,6.23555,0.3356503496503497,-0.4363323
2024_04_20_15_26_58_709,17.98819,-42.17637,1.466954,0.001839712,6.236453,0.3356503496503497,-0.4363323
2024_04_20_15_26_58_825,17.99014,-42.16211,1.456637,0.002814961,6.236924,0.3356503496503497,-0.4363323
2024_04_20_15_26_58_925,17.99185,-42.15001,1.447762,0.003269297,6.237656,0.3356503496503497,-0.4363323
2024_04_20_15_26_59_027,17.99371,-42.13789,1.438913,0.003702326,6.238398,0.3356503496503497,-0.4363323
2024_04_20_15_26_59_141,17.9959,-42.12394,1.42861,0.003990481,6.239039,0.3356503496503497,-0.4363323
2024_04_20_15_26_59_242,17.99796,-42.1113,1.419125,0.004071441,6.239471,0.3356503496503497,-0.4363323
2024_04_20_15_26_59_358,18.00045,-42.09646,1.407727,0.003915912,6.239758,0.3356503496503497,-0.4363323
2024_04_20_15_26_59_474,18.00313,-42.08192,1.396494,0.003742274,6.240017,0.3356503496503497,-0.4363323
2024_04_20_15_26_59_575,18.00556,-42.06924,1.386684,0.003648531,6.2403,0.3356503496503497,-0.4363323
2024_04_20_15_26_59_692,18.0087,-42.05447,1.375167,0.003731089,6.240695,0.3356503496503497,-0.4363323
2024_04_20_15_26_59_808,18.01204,-42.03966,1.363736,0.004030961,6.241437,0.3356503496503497,-0.4363323
2024_04_20_15_26_59_909,18.01501,-42.02769,1.354548,0.004396879,6.242116,0.3356503496503497,-0.4363323
2024_04_20_15_27_00_010,18.01803,-42.01598,1.345568,0.004754808,6.242763,0.3356503496503497,-0.4363323
2024_04_20_15_27_00_110,18.0211,-42.00441,1.336585,0.005115932,6.243395,0.3356503496503497,-0.4363323
2024_04_20_15_27_00_225,18.02483,-41.99111,1.326291,0.005528722,6.244123,0.3356503496503497,-0.4363323
2024_04_20_15_27_00_326,18.02811,-41.97962,1.317379,0.005888249,6.24475,0.3356503496503497,-0.4363323
2024_04_20_15_27_00_442,18.03216,-41.96626,1.307138,0.00640437,6.245563,0.3356503496503497,-0.4363323
2024_04_20_15_27_00_558,18.03649,-41.95206,1.29605,0.00666749,6.246156,0.3356503496503497,-0.4439207
2024_04_20_15_27_00_659,18.04039,-41.9397,1.286442,0.006903446,6.246693,0.3356503496503497,-0.4439207
2024_04_20_15_27_00_775,18.04514,-41.92544,1.275434,0.007172425,6.247296,0.3356503496503497,-0.4439207
2024_04_20_15_27_00_878,18.04941,-41.91323,1.265987,0.007542605,6.247658,0.3356503496503497,-0.4439207
2024_04_20_15_27_00_987,18.05448,-41.89904,1.255267,0.00807577,6.247978,0.3356503496503497,-0.4439207
2024_04_20_15_27_01_090,18.05914,-41.88646,1.245773,0.008546617,6.24826,0.3356503496503497,-0.4439207
2024_04_20_15_27_01_192,18.06392,-41.87422,1.236571,0.009310411,6.248826,0.3356503496503497,-0.4439207
2024_04_20_15_27_01_293,18.06874,-41.86231,1.227597,0.01009817,6.249393,0.3356503496503497,-0.4439207
2024_04_20_15_27_01_393,18.07362,-41.85061,1.218726,0.01088647,6.24993,0.3356503496503497,-0.4439207
2024_04_20_15_27_01_508,18.07943,-41.83694,1.208167,0.01194694,6.25042,0.3356503496503497,-0.4439207
2024_04_20_15_27_01_610,18.08458,-41.82497,1.198817,0.01279809,6.250789,0.3356503496503497,-0.4401265
2024_04_20_15_27_01_725,18.09062,-41.81104,1.187952,0.01338878,6.251338,0.3356503496503497,-0.4325381
2024_04_20_15_27_01_842,18.09688,-41.79662,1.17672,0.01348358,6.251422,0.3356503496503497,-0.4249497
2024_04_20_15_27_01_956,18.10387,-41.7805,1.16462,0.01297652,6.250499,0.3356503496503497,-0.3794194
2024_04_20_15_27_02_086,18.11234,-41.76153,1.15221,0.01253763,6.249624,0.3356503496503497,-0.3376833
2024_04_20_15_27_02_191,18.11931,-41.74614,1.143785,0.01238317,6.2491,0.3356503496503497,-0.2693878
2024_04_20_15_27_02_292,18.12614,-41.73124,1.137491,0.01211419,6.248624,0.3356503496503497,-0.1707387
2024_04_20_15_27_02_408,18.13423,-41.71379,1.132545,0.01203802,6.247981,0.3356503496503497,-0.07588388
2024_04_20_15_27_02_526,18.14212,-41.6974,1.130755,0.01270008,6.247867,0.3356503496503497,-0.05691291
2024_04_20_15_27_02_642,18.14968,-41.68171,1.129037,0.01311447,6.247941,0.3356503496503497,-0.04173614
2024_04_20_15_27_02_743,18.15593,-41.66876,1.129167,0.01326148,6.248076,0.3356503496503497,0.02276517
2024_04_20_15_27_02_859,18.16306,-41.65413,1.129917,0.01354058,6.248361,0.3356503496503497,0.04932452
2024_04_20_15_27_02_959,18.1692,-41.64166,1.132351,0.01364391,6.248653,0.3356503496503497,0.11762
2024_04_20_15_27_03_075,18.17614,-41.62739,1.135591,0.01370143,6.249,0.3356503496503497,0.1441794
2024_04_20_15_27_03_175,18.18199,-41.61513,1.139053,0.01367906,6.249213,0.3356503496503497,0.1745329
2024_04_20_15_27_03_275,18.18785,-41.60234,1.143095,0.01354217,6.249318,0.3356503496503497,0.1935039
2024_04_20_15_27_03_391,18.19486,-41.58709,1.148307,0.0134985,6.250052,0.3356503496503497,0.2086807
2024_04_20_15_27_03_493,18.20078,-41.57399,1.152961,0.01332912,6.2508,0.3356503496503497,0.2124749
2024_04_20_15_27_03_610,18.20755,-41.55899,1.159141,0.01311394,6.251628,0.3356503496503497,0.2466226
2024_04_20_15_27_03_725,18.21407,-41.54415,1.165528,0.0128881,6.252425,0.3356503496503497,0.2655936
2024_04_20_15_27_03_825,18.21958,-41.5317,1.172021,0.01270221,6.253014,0.3356503496503497,0.2921529
2024_04_20_15_27_03_940,18.22583,-41.51729,1.179582,0.01194321,6.252989,0.3356503496503497,0.2921529
2024_04_20_15_27_04_042,18.23066,-41.50547,1.185652,0.01086623,6.252407,0.3356503496503497,0.3035355
2024_04_20_15_27_04_159,18.23653,-41.49133,1.193609,0.01077622,6.252208,0.3356503496503497,0.3035355
2024_04_20_15_27_04_276,18.24272,-41.47632,1.20217,0.01085132,6.252234,0.3356503496503497,0.3035355
2024_04_20_15_27_04_376,18.24795,-41.46317,1.209662,0.01092535,6.252272,0.3356503496503497,0.3111239
2024_04_20_15_27_04_491,18.25392,-41.44793,1.218674,0.01101377,6.252319,0.3356503496503497,0.3149181
2024_04_20_15_27_04_592,18.25893,-41.43479,1.226467,0.01109473,6.252366,0.3356503496503497,0.3149181
2024_04_20_15_27_04_691,18.26388,-41.42163,1.234273,0.01117888,6.25242,0.3356503496503497,0.3149181
2024_04_20_15_27_04_808,18.26939,-41.40633,1.243197,0.0110404,6.252271,0.3356503496503497,0.3149181
2024_04_20_15_27_04_925,18.2747,-41.39093,1.251948,0.01071123,6.251979,0.3356503496503497,0.3149181
2024_04_20_15_27_05_036,18.27966,-41.37588,1.260534,0.01006409,6.252005,0.3356503496503497,0.3149181
2024_04_20_15_27_05_143,18.28407,-41.36227,1.268275,0.009476593,6.252048,0.3356503496503497,0.3149181
2024_04_20_15_27_05_258,18.28881,-41.34685,1.276887,0.008950884,6.251985,0.3356503496503497,0.3149181
2024_04_20_15_27_05_359,18.29286,-41.33308,1.284314,0.008543421,6.251901,0.3356503496503497,0.3149181
2024_04_20_15_27_05_474,18.29729,-41.31784,1.292655,0.008184959,6.251727,0.3356503496503497,0.3149181
2024_04_20_15_27_05_576,18.3009,-41.30507,1.299727,0.008125837,6.251342,0.3356503496503497,0.3149181
2024_04_20_15_27_05_693,18.30494,-41.29032,1.307828,0.008063519,6.250902,0.3356503496503497,0.3149181
2024_04_20_15_27_05_808,18.30884,-41.27575,1.316001,0.008238755,6.25069,0.3356503496503497,0.3149181
2024_04_20_15_27_05_910,18.31233,-41.26264,1.323458,0.008280833,6.250423,0.3356503496503497,0.3149181
2024_04_20_15_27_06_025,18.31624,-41.24749,1.332189,0.008254734,6.250062,0.3356503496503497,0.3149181
2024_04_20_15_27_06_125,18.31939,-41.23446,1.339613,0.007945808,6.24941,0.3356503496503497,0.3149181
2024_04_20_15_27_06_225,18.32249,-41.22116,1.347122,0.007849401,6.248528,0.3356503496503497,0.3149181
2024_04_20_15_27_06_340,18.32598,-41.20503,1.356058,0.007425958,6.24777,0.3356503496503497,0.3149181
2024_04_20_15_27_06_441,18.329,-41.19057,1.364079,0.006885869,6.247255,0.3356503496503497,0.3149181
2024_04_20_15_27_06_542,18.33187,-41.17573,1.372262,0.006122075,6.246933,0.3356503496503497,0.3149181
2024_04_20_15_27_06_659,18.33508,-41.15828,1.381874,0.00543711,6.246771,0.3356503496503497,0.3149181
2024_04_20_15_27_06_760,18.33773,-41.1436,1.389862,0.005002482,6.24675,0.3356503496503497,0.3149181
2024_04_20_15_27_06_875,18.34057,-41.12677,1.398844,0.004511927,6.246718,0.3356503496503497,0.3149181
2024_04_20_15_27_06_991,18.34312,-41.11041,1.40723,0.00359367,6.246271,0.3356503496503497,0.3149181
2024_04_20_15_27_07_109,18.34539,-41.09476,1.415043,0.002974751,6.245584,0.3356503496503497,0.3149181
2024_04_20_15_27_07_225,18.34743,-41.07977,1.422268,0.002548645,6.244787,0.3356503496503497,0.3149181
2024_04_20_15_27_07_341,18.34935,-41.06517,1.429193,0.002140116,6.244022,0.3356503496503497,0.3149181
2024_04_20_15_27_07_442,18.35085,-41.05262,1.435108,0.001794971,6.243361,0.3356503496503497,0.3149181
2024_04_20_15_27_07_558,18.35255,-41.03844,1.441854,0.00152972,6.24272,0.3356503496503497,0.3149181
2024_04_20_15_27_07_675,18.35425,-41.02362,1.448961,0.001402953,6.242455,0.3356503496503497,0.3149181
2024_04_20_15_27_07_791,18.3557,-41.00902,1.455423,0.0007765777,6.242095,0.3356503496503497,0.3149181
2024_04_20_15_27_07_902,18.35706,-40.99553,1.461581,0.000376571,6.24135,0.3356503496503497,0.3149181
2024_04_20_15_27_08_019,18.35824,-40.9819,1.467256,-0.002118212,6.240594,0.3356503496503497,0.3149181
2024_04_20_15_27_08_124,18.35919,-40.97024,1.472422,6.282925,6.239911,0.3356503496503497,0.3149181
2024_04_20_15_27_08_226,18.3601,-40.95877,1.477406,6.28265,6.239225,0.3356503496503497,0.3149181
2024_04_20_15_27_08_341,18.36111,-40.94541,1.483177,6.282338,6.238437,0.3356503496503497,0.3149181
2024_04_20_15_27_08_442,18.36197,-40.93353,1.488898,6.282324,6.23804,0.3356503496503497,0.3149181
2024_04_20_15_27_08_542,18.36285,-40.92109,1.494885,6.282222,6.237836,0.3356503496503497,0.3149181
2024_04_20_15_27_08_658,18.36373,-40.90628,1.501858,6.281775,6.237906,0.3356503496503497,0.3149181
2024_04_20_15_27_08_758,18.36445,-40.89329,1.508109,6.281588,6.237769,0.3356503496503497,0.3149181
2024_04_20_15_27_08_875,18.36513,-40.87832,1.515263,6.281382,6.237599,0.3356503496503497,0.3149181
2024_04_20_15_27_08_991,18.36564,-40.86347,1.522246,6.280911,6.237252,0.3356503496503497,0.3149181
2024_04_20_15_27_09_092,18.36592,-40.85136,1.527762,6.280453,6.236784,0.3356503496503497,0.3149181
2024_04_20_15_27_09_209,18.3662,-40.83754,1.534096,6.279857,6.236313,0.3356503496503497,0.3149181
2024_04_20_15_27_09_325,18.36628,-40.82367,1.54014,6.278714,6.235861,0.3356503496503497,0.3149181
2024_04_20_15_27_09_441,18.36629,-40.80914,1.546764,6.27775,6.235088,0.3356503496503497,0.3149181
2024_04_20_15_27_09_559,18.36633,-40.79419,1.553885,6.277057,6.234326,0.3356503496503497,0.3149181
2024_04_20_15_27_09_675,18.36636,-40.77842,1.561883,6.27687,6.234087,0.3356503496503497,0.3149181
2024_04_20_15_27_09_774,18.36642,-40.76413,1.569553,6.27688,6.234095,0.3356503496503497,0.3187123
2024_04_20_15_27_09_892,18.36641,-40.74709,1.579184,6.276989,6.23402,0.3356503496503497,0.3300949
2024_04_20_15_27_10_009,18.36611,-40.72942,1.589254,6.276784,6.234123,0.3356503496503497,0.3338891
2024_04_20_15_27_10_108,18.36561,-40.715,1.597563,6.27617,6.234477,0.3356503496503497,0.3490658
2024_04_20_15_27_10_224,18.36497,-40.69963,1.606774,6.275756,6.235044,0.3356503496503497,0.3604484
2024_04_20_15_27_10_341,18.36424,-40.68485,1.615645,6.275346,6.235589,0.3356503496503497,0.3604484
2024_04_20_15_27_10_452,18.36339,-40.67062,1.624173,6.274962,6.235798,0.3356503496503497,0.3680368
2024_04_20_15_27_10_558,18.3624,-40.65746,1.632277,6.274898,6.236115,0.3356503496503497,0.371831
2024_04_20_15_27_10_657,18.36135,-40.64404,1.640804,6.274871,6.236703,0.3356503496503497,0.371831
2024_04_20_15_27_10_759,18.36011,-40.63072,1.649266,6.274672,6.237454,0.3356503496503497,0.371831
2024_04_20_15_27_10_875,18.35867,-40.61575,1.658928,6.274445,6.238288,0.3356503496503497,0.371831
2024_04_20_15_27_10_990,18.35702,-40.60127,1.668208,6.273368,6.23829,0.3356503496503497,0.371831
2024_04_20_15_27_11_104,18.35519,-40.587,1.677354,6.272073,6.23807,0.3356503496503497,0.371831
2024_04_20_15_27_11_208,18.35355,-40.57453,1.685535,6.270936,6.237902,0.3356503496503497,0.371831
2024_04_20_15_27_11_325,18.35161,-40.56041,1.695029,6.269895,6.237988,0.3356503496503497,0.371831
2024_04_20_15_27_11_441,18.34956,-40.54644,1.704281,6.268742,6.238317,0.3356503496503497,0.371831
2024_04_20_15_27_11_541,18.34757,-40.53434,1.712147,6.267236,6.238238,0.3356503496503497,0.371831
2024_04_20_15_27_11_641,18.34551,-40.52229,1.719935,6.265723,6.238131,0.3356503496503497,0.371831
2024_04_20_15_27_11_758,18.34292,-40.50819,1.728993,6.264569,6.237422,0.3356503496503497,0.371831
2024_04_20_15_27_11_858,18.3406,-40.49622,1.736684,6.263837,6.236604,0.3356503496503497,0.371831
2024_04_20_15_27_11_969,18.33797,-40.48266,1.745477,6.263382,6.236014,0.3356503496503497,0.371831
2024_04_20_15_27_12_087,18.33519,-40.46786,1.755381,6.263673,6.236156,0.3356503496503497,0.371831
2024_04_20_15_27_12_188,18.3326,-40.45479,1.764251,6.263929,6.236314,0.3356503496503497,0.371831
2024_04_20_15_27_12_286,18.32988,-40.44196,1.772867,6.263879,6.236794,0.3356503496503497,0.371831
2024_04_20_15_27_12_391,18.32731,-40.43008,1.780795,6.263583,6.236943,0.3356503496503497,0.371831
2024_04_20_15_27_12_492,18.32456,-40.41851,1.788371,6.262609,6.236762,0.3356503496503497,0.371831
2024_04_20_15_27_12_608,18.32128,-40.40519,1.796977,6.261293,6.236381,0.3356503496503497,0.371831
2024_04_20_15_27_12_724,18.31782,-40.39205,1.805474,6.259786,6.235812,0.3356503496503497,0.371831
2024_04_20_15_27_12_842,18.31413,-40.37871,1.813947,6.258426,6.234941,0.3356503496503497,0.371831
2024_04_20_15_27_12_958,18.31041,-40.36518,1.822764,6.257783,6.234279,0.3356503496503497,0.371831
2024_04_20_15_27_13_084,18.306,-40.34939,1.833004,6.257221,6.233702,0.3356503496503497,0.371831
2024_04_20_15_27_13_190,18.30217,-40.33641,1.841469,6.256776,6.233216,0.3356503496503497,0.371831
2024_04_20_15_27_13_305,18.29771,-40.32206,1.850764,6.256418,6.232554,0.3356503496503497,0.371831
2024_04_20_15_27_13_408,18.29375,-40.30933,1.859063,6.256463,6.2323,0.3356503496503497,0.371831
2024_04_20_15_27_13_525,18.28893,-40.29408,1.869182,6.256887,6.2321,0.3356503496503497,0.371831
2024_04_20_15_27_13_626,18.28443,-40.28082,1.877877,6.256481,6.232224,0.3356503496503497,0.371831
2024_04_20_15_27_13_741,18.27847,-40.26431,1.888656,6.255338,6.232675,0.3356503496503497,0.371831
2024_04_20_15_27_13_841,18.27311,-40.25004,1.897838,6.254294,6.233087,0.3356503496503497,0.371831
2024_04_20_15_27_13_958,18.26706,-40.23422,1.907892,6.253572,6.233885,0.3356503496503497,0.371831
2024_04_20_15_27_14_058,18.26195,-40.22118,1.916083,6.253238,6.234268,0.3356503496503497,0.371831
2024_04_20_15_27_14_158,18.25694,-40.20852,1.924167,6.25343,6.234163,0.3356503496503497,0.371831
2024_04_20_15_27_14_283,18.2506,-40.19287,1.934006,6.253568,6.234116,0.3356503496503497,0.371831
2024_04_20_15_27_14_392,18.24525,-40.18024,1.941803,6.253366,6.234375,0.3356503496503497,0.371831
2024_04_20_15_27_14_505,18.23952,-40.16698,1.950052,6.253257,6.234546,0.3356503496503497,0.371831
2024_04_20_15_27_14_608,18.23439,-40.1556,1.956967,6.252915,6.234553,0.3356503496503497,0.371831
2024_04_20_15_27_14_725,18.22866,-40.14322,1.964469,6.252594,6.234345,0.3356503496503497,0.371831
2024_04_20_15_27_14_825,18.2236,-40.1327,1.970738,6.251739,6.234309,0.3356503496503497,0.371831
2024_04_20_15_27_14_940,18.21738,-40.12013,1.978221,6.25023,6.234723,0.3356503496503497,0.371831
2024_04_20_15_27_15_042,18.21182,-40.10913,1.98484,6.248789,6.235203,0.3356503496503497,0.371831
2024_04_20_15_27_15_142,18.2062,-40.09834,1.991226,6.247076,6.235543,0.3356503496503497,0.371831
2024_04_20_15_27_15_257,18.20008,-40.08676,1.998001,6.245092,6.235657,0.3356503496503497,0.371831
2024_04_20_15_27_15_359,18.19504,-40.07719,2.003706,6.244196,6.235089,0.3356503496503497,0.371831
2024_04_20_15_27_15_485,18.18866,-40.06507,2.010927,6.243619,6.233975,0.3356503496503497,0.371831
2024_04_20_15_27_15_590,18.18329,-40.05468,2.017285,6.243431,6.233106,0.3356503496503497,0.371831
2024_04_20_15_27_15_693,18.17805,-40.04399,2.024623,6.244845,6.232322,0.3356503496503497,0.371831
2024_04_20_15_27_15_808,18.17191,-40.03131,2.034054,6.246548,6.232292,0.3356503496503497,0.371831
2024_04_20_15_27_15_910,18.16586,-40.01943,2.043245,6.246833,6.233881,0.3356503496503497,0.371831
2024_04_20_15_27_16_023,18.15871,-40.00585,2.053637,6.246581,6.236218,0.3356503496503497,0.371831
2024_04_20_15_27_16_125,18.15286,-39.99493,2.062142,6.246422,6.238059,0.3356503496503497,0.371831
2024_04_20_15_27_16_241,18.14617,-39.9827,2.07163,6.245966,6.240381,0.3356503496503497,0.371831
2024_04_20_15_27_16_341,18.14029,-39.97238,2.079569,6.245386,6.242509,0.3356503496503497,0.371831
2024_04_20_15_27_16_459,18.13303,-39.95995,2.089096,6.245072,6.244054,0.3356503496503497,0.371831
2024_04_20_15_27_16_558,18.1265,-39.94874,2.097777,6.24575,6.244981,0.3356503496503497,0.371831
2024_04_20_15_27_16_684,18.11755,-39.93377,2.109342,6.246923,6.246885,0.3356503496503497,0.371831
2024_04_20_15_27_16_792,18.10981,-39.92112,2.119091,6.247975,6.248491,0.3356503496503497,0.371831
2024_04_20_15_27_16_909,18.10132,-39.90764,2.12959,6.249133,6.250207,0.3356503496503497,0.371831
2024_04_20_15_27_17_024,18.09274,-39.89457,2.140069,6.249522,6.251164,0.3356503496503497,0.371831
2024_04_20_15_27_17_125,18.08526,-39.8833,2.145314,6.249858,6.251328,0.3356503496503497,0.0
2024_04_20_15_27_17_242,18.07581,-39.86915,2.145788,6.25014,6.251548,0.3356503496503497,0.0
2024_04_20_15_27_17_353,18.06632,-39.85489,2.146038,6.250561,6.252621,0.3356503496503497,0.0
2024_04_20_15_27_17_458,18.05797,-39.84248,2.146098,6.250537,6.253563,0.3356503496503497,0.0
2024_04_20_15_27_17_575,18.04836,-39.8285,2.146143,6.2499,6.254028,0.3356503496503497,0.0
2024_04_20_15_27_17_692,18.03922,-39.81495,2.146426,6.249821,6.254154,0.268468194266372,0.0
2024_04_20_15_27_17_792,18.03312,-39.80608,2.146625,6.249943,6.254096,0.1644124408084797,0.0
